AgNO3,Alginate,NaBH4,410.106,410.690,411.274,411.859,412.443,413.027,413.611,414.195,414.779,415.363,415.947,416.531,417.115,417.699,418.283,418.866,419.450,420.034,420.618,421.201,421.785,422.368,422.952,423.535,424.119,424.702,425.286,425.869,426.452,427.036,427.619,428.202,428.785,429.368,429.951,430.534,431.117,431.700,432.283,432.866,433.449,434.032,434.615,435.197,435.780,436.363,436.945,437.528,438.111,438.693,439.276,439.858,440.440,441.023,441.605,442.188,442.770,443.352,443.934,444.516,445.098,445.681,446.263,446.845,447.427,448.009,448.590,449.172,449.754,450.336,450.918,451.499,452.081,452.663,453.244,453.826,454.407,454.989,455.570,456.152,456.733,457.314,457.896,458.477,459.058,459.639,460.221,460.802,461.383,461.964,462.545,463.126,463.707,464.288,464.868,465.449,466.030,466.611,467.191,467.772,468.353,468.933,469.514,470.094,470.675,471.255,471.836,472.416,472.996,473.577,474.157,474.737,475.317,475.897,476.477,477.058,477.638,478.218,478.797,479.377,479.957,480.537,481.117,481.697,482.276,482.856,483.436,484.015,484.595,485.174,485.754,486.333,486.913,487.492,488.071,488.651,489.230,489.809,490.388,490.968,491.547,492.126,492.705,493.284,493.863,494.442,495.020,495.599,496.178,496.757,497.336,497.914,498.493,499.072,499.650,500.229,500.807,501.386,501.964,502.542,503.121,503.699,504.277,504.856,505.434,506.012,506.590,507.168,507.746,508.324,508.902,509.480,510.058,510.636,511.213,511.791,512.369,512.947,513.524,514.102,514.679,515.257,515.834,516.412,516.989,517.567,518.144,518.721,519.299,519.876,520.453,521.030,521.607,522.184,522.761,523.338,523.915,524.492,525.069,525.646,526.223,526.799,527.376,527.953,528.529,529.106,529.683,530.259,530.836,531.412,531.988,532.565,533.141,533.717,534.294,534.870,535.446,536.022,536.598,537.174,537.750,538.326,538.902,539.478,540.054,540.630,541.206,541.781,542.357,542.933,543.508,544.084,544.659,545.235,545.810,546.386,546.961,547.536,548.112,548.687,549.262,549.837,550.413,550.988,551.563,552.138,552.713,553.288,553.863,554.437,555.012,555.587,556.162,556.737,557.311,557.886,558.460,559.035,559.609,560.184,560.758,561.333,561.907,562.481,563.056,563.630,564.204,564.778,565.352,565.926,566.500,567.074,567.648,568.222,568.796,569.370,569.944,570.518,571.091,571.665,572.239,572.812,573.386,573.959,574.533,575.106,575.680,576.253,576.826,577.399,577.973,578.546,579.119,579.692,580.265,580.838,581.411,581.984,582.557,583.130,583.703,584.276,584.848,585.421,585.994,586.566,587.139,587.711,588.284,588.856,589.429,590.001,590.574,591.146,591.718,592.290,592.863,593.435,594.007,594.579,595.151,595.723,596.295,596.867,597.439,598.010,598.582,599.154,599.726,600.297,600.869,601.440,602.012,602.584,603.155,603.726,604.298,604.869,605.440,606.012,606.583,607.154,607.725,608.296,608.867,609.438,610.009,610.580,611.151,611.722,612.293,612.863,613.434,614.005,614.575,615.146,615.717,616.287,616.858,617.428,617.998,618.569,619.139,619.709,620.280,620.850,621.420,621.990,622.560,623.130,623.700,624.270,624.840,625.410,625.980,626.549,627.119,627.689,628.258,628.828,629.398,629.967,630.537,631.106,631.675,632.245,632.814,633.383,633.953,634.522,635.091,635.660,636.229,636.798,637.367,637.936,638.505,639.074,639.643,640.211,640.780,641.349,641.917,642.486,643.055,643.623,644.192,644.760,645.329,645.897,646.465,647.033,647.602,648.170,648.738,649.306,649.874,650.442,651.010,651.578,652.146,652.714,653.282,653.850,654.417,654.985,655.553,656.120,656.688,657.255,657.823,658.390,658.958,659.525,660.092,660.660,661.227,661.794,662.361,662.928,663.495,664.062,664.629,665.196,665.763,666.330,666.897,667.464,668.030,668.597,669.164,669.730,670.297,670.863,671.430,671.996,672.563,673.129,673.695,674.262,674.828,675.394,675.960,676.526,677.092,677.658,678.224,678.790,679.356,679.922,680.488,681.053,681.619,682.185,682.750,683.316,683.881,684.447,685.012,685.578,686.143,686.708,687.274,687.839,688.404,688.969,689.534,690.100,690.665,691.230,691.794,692.359,692.924,693.489,694.054,694.619,695.183,695.748,696.312,696.877,697.442,698.006,698.570,699.135,699.699,700.263,700.828,701.392,701.956,702.520,703.084,703.648,704.212,704.776,705.340,705.904,706.468,707.032,707.595,708.159,708.723,709.286,709.850,710.413,710.977,711.540,712.104,712.667,713.230,713.794,714.357,714.920,715.483,716.046,716.609,717.172,717.735,718.298,718.861,719.424,719.987,720.550,721.112,721.675,722.237,722.800,723.363,723.925,724.487
5,0.5,5,1.693,1.811,1.934,1.973,1.967,2.048,2.178,2.208,2.197,2.302,2.484,2.554,2.539,2.599,2.718,2.803,2.879,2.935,2.973,3.041,3.114,3.176,3.219,3.204,3.195,3.257,3.319,3.347,3.374,3.400,3.432,3.439,3.418,3.410,3.407,3.407,3.418,3.423,3.431,3.456,3.465,3.443,3.427,3.423,3.425,3.434,3.427,3.407,3.383,3.365,3.362,3.369,3.376,3.364,3.344,3.335,3.324,3.305,3.297,3.299,3.282,3.256,3.242,3.237,3.221,3.201,3.191,3.179,3.155,3.137,3.127,3.112,3.089,3.063,3.042,3.025,3.007,2.986,2.966,2.949,2.929,2.911,2.898,2.878,2.857,2.842,2.825,2.815,2.805,2.791,2.780,2.766,2.753,2.740,2.723,2.712,2.707,2.700,2.689,2.674,2.665,2.655,2.640,2.632,2.625,2.614,2.602,2.590,2.578,2.564,2.554,2.546,2.540,2.533,2.519,2.508,2.502,2.492,2.484,2.480,2.475,2.471,2.462,2.451,2.445,2.439,2.431,2.423,2.410,2.406,2.405,2.396,2.383,2.373,2.366,2.363,2.359,2.349,2.338,2.331,2.324,2.317,2.310,2.305,2.301,2.298,2.291,2.276,2.267,2.263,2.258,2.249,2.244,2.239,2.227,2.217,2.210,2.207,2.206,2.200,2.200,2.195,2.175,2.163,2.162,2.161,2.156,2.144,2.133,2.125,2.117,2.112,2.106,2.095,2.083,2.079,2.077,2.071,2.063,2.054,2.048,2.040,2.030,2.027,2.021,2.014,2.008,2.002,1.995,1.985,1.974,1.969,1.963,1.955,1.947,1.936,1.929,1.926,1.919,1.909,1.905,1.902,1.895,1.893,1.892,1.879,1.869,1.866,1.856,1.843,1.839,1.836,1.830,1.827,1.827,1.822,1.816,1.807,1.798,1.795,1.795,1.788,1.778,1.772,1.767,1.760,1.753,1.748,1.745,1.742,1.734,1.725,1.719,1.713,1.711,1.706,1.697,1.691,1.685,1.683,1.681,1.673,1.667,1.666,1.664,1.657,1.651,1.645,1.636,1.631,1.623,1.614,1.614,1.613,1.608,1.600,1.593,1.589,1.585,1.579,1.573,1.570,1.564,1.557,1.553,1.552,1.548,1.543,1.539,1.534,1.526,1.519,1.512,1.509,1.506,1.503,1.496,1.488,1.484,1.480,1.475,1.471,1.467,1.463,1.457,1.451,1.446,1.442,1.441,1.437,1.434,1.432,1.430,1.422,1.411,1.407,1.406,1.402,1.399,1.397,1.395,1.390,1.385,1.380,1.375,1.371,1.369,1.366,1.361,1.362,1.363,1.360,1.357,1.356,1.355,1.353,1.348,1.344,1.343,1.340,1.337,1.336,1.335,1.333,1.331,1.331,1.331,1.331,1.332,1.329,1.323,1.321,1.320,1.315,1.313,1.315,1.314,1.311,1.308,1.308,1.309,1.306,1.303,1.305,1.309,1.306,1.302,1.304,1.307,1.304,1.301,1.299,1.297,1.293,1.286,1.284,1.287,1.289,1.285,1.279,1.277,1.280,1.280,1.276,1.275,1.273,1.269,1.270,1.271,1.269,1.269,1.268,1.261,1.256,1.257,1.258,1.258,1.255,1.253,1.255,1.257,1.251,1.244,1.245,1.246,1.243,1.239,1.240,1.240,1.235,1.229,1.227,1.228,1.228,1.226,1.224,1.221,1.220,1.217,1.212,1.213,1.215,1.212,1.207,1.207,1.206,1.201,1.199,1.199,1.195,1.192,1.193,1.193,1.189,1.188,1.185,1.182,1.181,1.182,1.188,1.191,1.185,1.173,1.171,1.177,1.175,1.166,1.162,1.162,1.161,1.159,1.159,1.158,1.153,1.152,1.158,1.160,1.159,1.155,1.146,1.142,1.141,1.136,1.132,1.135,1.138,1.135,1.132,1.137,1.142,1.133,1.122,1.121,1.126,1.128,1.123,1.116,1.111,1.110,1.117,1.122,1.120,1.115,1.112,1.114,1.115,1.112,1.106,1.102,1.103,1.104,1.098,1.095,1.099,1.099,1.099,1.101,1.100,1.095,1.090,1.090,1.089,1.088,1.086,1.079,1.077,1.082,1.080,1.077,1.079,1.082,1.081,1.080,1.083,1.073,1.062,1.068,1.072,1.072,1.075,1.066,1.059,1.065,1.062,1.056,1.054,1.050,1.044,1.043,1.050,1.057,1.058,1.057,1.054,1.049,1.048,1.051,1.054,1.047,1.039,1.043,1.053,1.058,1.048,1.036,1.044,1.047,1.039,1.029,1.019,1.019,1.033,1.042,1.041,1.035,1.031,1.038,1.036,1.030,1.036,1.032,1.017,1.003,1.009,1.033,1.032,1.004,0.991,1.000
7.5,0.3,2.6,1.373,1.422,1.442,1.462,1.447,1.401,1.423,1.467,1.492,1.489,1.491,1.498,1.504,1.544,1.583,1.608,1.622,1.636,1.664,1.663,1.634,1.640,1.670,1.660,1.643,1.666,1.696,1.698,1.690,1.701,1.727,1.733,1.719,1.707,1.699,1.701,1.709,1.716,1.716,1.712,1.714,1.713,1.712,1.718,1.716,1.717,1.726,1.728,1.724,1.713,1.712,1.722,1.722,1.717,1.720,1.727,1.728,1.721,1.716,1.717,1.715,1.712,1.715,1.717,1.710,1.699,1.694,1.693,1.688,1.682,1.681,1.678,1.670,1.665,1.661,1.653,1.647,1.644,1.637,1.630,1.624,1.620,1.618,1.612,1.606,1.604,1.601,1.595,1.590,1.588,1.587,1.585,1.584,1.584,1.578,1.576,1.578,1.577,1.573,1.573,1.577,1.574,1.570,1.570,1.571,1.572,1.569,1.569,1.567,1.564,1.560,1.558,1.559,1.559,1.556,1.553,1.555,1.557,1.556,1.555,1.556,1.558,1.561,1.562,1.556,1.552,1.554,1.553,1.550,1.552,1.554,1.557,1.557,1.556,1.559,1.562,1.563,1.562,1.557,1.556,1.559,1.563,1.565,1.561,1.557,1.559,1.562,1.559,1.553,1.554,1.561,1.562,1.559,1.560,1.558,1.552,1.552,1.555,1.555,1.551,1.550,1.551,1.550,1.548,1.548,1.547,1.545,1.548,1.548,1.541,1.538,1.540,1.541,1.541,1.541,1.537,1.535,1.533,1.529,1.528,1.528,1.526,1.526,1.523,1.518,1.516,1.516,1.517,1.518,1.519,1.516,1.511,1.507,1.508,1.512,1.506,1.499,1.501,1.500,1.494,1.491,1.493,1.490,1.488,1.492,1.488,1.480,1.479,1.482,1.480,1.480,1.482,1.479,1.473,1.471,1.471,1.470,1.469,1.466,1.463,1.462,1.462,1.458,1.453,1.450,1.447,1.445,1.444,1.443,1.444,1.442,1.440,1.436,1.437,1.439,1.436,1.434,1.432,1.428,1.428,1.426,1.422,1.421,1.420,1.420,1.417,1.413,1.413,1.407,1.402,1.402,1.402,1.401,1.398,1.395,1.394,1.394,1.393,1.388,1.386,1.386,1.382,1.378,1.374,1.370,1.367,1.367,1.365,1.362,1.360,1.359,1.355,1.352,1.350,1.348,1.346,1.347,1.345,1.341,1.336,1.332,1.329,1.327,1.324,1.323,1.324,1.322,1.318,1.315,1.311,1.309,1.307,1.307,1.304,1.299,1.295,1.294,1.293,1.291,1.291,1.291,1.287,1.282,1.279,1.278,1.277,1.274,1.272,1.272,1.272,1.270,1.267,1.268,1.271,1.271,1.268,1.267,1.266,1.264,1.264,1.264,1.263,1.262,1.262,1.261,1.261,1.259,1.258,1.257,1.255,1.252,1.250,1.252,1.254,1.250,1.246,1.247,1.248,1.245,1.246,1.248,1.246,1.245,1.246,1.247,1.245,1.246,1.250,1.249,1.244,1.242,1.243,1.243,1.239,1.238,1.236,1.234,1.235,1.238,1.236,1.232,1.232,1.230,1.227,1.227,1.228,1.227,1.224,1.221,1.220,1.222,1.223,1.220,1.217,1.214,1.212,1.215,1.216,1.212,1.208,1.208,1.207,1.204,1.205,1.207,1.205,1.204,1.201,1.198,1.198,1.196,1.192,1.192,1.193,1.195,1.195,1.193,1.191,1.189,1.185,1.183,1.183,1.181,1.178,1.179,1.178,1.175,1.174,1.172,1.170,1.166,1.164,1.163,1.163,1.163,1.164,1.159,1.156,1.157,1.161,1.163,1.160,1.152,1.147,1.151,1.155,1.149,1.143,1.141,1.140,1.139,1.138,1.137,1.135,1.133,1.137,1.140,1.136,1.133,1.131,1.128,1.125,1.123,1.124,1.129,1.129,1.123,1.119,1.120,1.121,1.114,1.108,1.109,1.114,1.114,1.112,1.109,1.101,1.101,1.106,1.106,1.104,1.101,1.100,1.102,1.101,1.098,1.093,1.090,1.091,1.093,1.091,1.091,1.093,1.091,1.089,1.087,1.086,1.085,1.079,1.074,1.071,1.073,1.078,1.075,1.074,1.077,1.071,1.067,1.071,1.071,1.062,1.056,1.064,1.070,1.068,1.064,1.059,1.059,1.063,1.063,1.058,1.051,1.048,1.049,1.049,1.042,1.035,1.040,1.048,1.049,1.043,1.042,1.044,1.039,1.038,1.043,1.038,1.031,1.035,1.039,1.032,1.034,1.039,1.035,1.030,1.031,1.032,1.024,1.012,1.010,1.018,1.021,1.015,1.016,1.026,1.032,1.021,1.014,1.020,1.015,1.002,0.995,0.992,0.996,1.000,0.999,1.005,1.000
2.6,0.8,7.5,1.539,1.669,1.774,1.824,1.916,2.029,2.222,2.457,2.576,2.652,2.834,3.026,3.136,3.303,3.535,3.724,3.898,4.046,4.186,4.319,4.376,4.434,4.518,4.605,4.742,4.877,4.927,4.997,5.083,5.097,5.113,5.126,5.106,5.064,5.049,5.081,5.095,5.087,5.078,5.083,5.077,5.043,4.991,4.929,4.907,4.896,4.847,4.792,4.742,4.689,4.645,4.616,4.577,4.523,4.478,4.423,4.364,4.316,4.265,4.232,4.196,4.134,4.084,4.045,3.987,3.923,3.870,3.822,3.770,3.715,3.663,3.615,3.558,3.501,3.452,3.401,3.347,3.290,3.235,3.192,3.148,3.095,3.047,3.005,2.962,2.919,2.884,2.849,2.807,2.766,2.732,2.704,2.676,2.644,2.608,2.577,2.555,2.534,2.505,2.473,2.449,2.426,2.399,2.378,2.358,2.335,2.310,2.284,2.257,2.235,2.216,2.193,2.171,2.158,2.145,2.124,2.102,2.082,2.070,2.058,2.040,2.019,2.001,1.990,1.980,1.969,1.961,1.955,1.946,1.938,1.929,1.916,1.901,1.889,1.880,1.874,1.870,1.851,1.834,1.833,1.835,1.828,1.812,1.799,1.788,1.780,1.776,1.764,1.757,1.756,1.748,1.738,1.726,1.713,1.706,1.699,1.695,1.695,1.690,1.683,1.678,1.670,1.655,1.650,1.654,1.645,1.633,1.633,1.627,1.612,1.603,1.601,1.596,1.587,1.581,1.575,1.569,1.563,1.554,1.551,1.547,1.536,1.529,1.526,1.519,1.517,1.517,1.509,1.502,1.503,1.497,1.486,1.478,1.472,1.469,1.467,1.457,1.453,1.456,1.449,1.442,1.441,1.437,1.438,1.436,1.420,1.410,1.412,1.412,1.403,1.397,1.400,1.398,1.392,1.390,1.385,1.378,1.374,1.370,1.360,1.348,1.347,1.349,1.342,1.337,1.340,1.343,1.340,1.333,1.327,1.319,1.313,1.316,1.319,1.315,1.309,1.307,1.303,1.299,1.296,1.292,1.287,1.285,1.286,1.286,1.280,1.270,1.265,1.262,1.262,1.262,1.257,1.255,1.254,1.254,1.247,1.238,1.235,1.234,1.232,1.227,1.221,1.216,1.213,1.208,1.201,1.198,1.199,1.202,1.205,1.199,1.188,1.180,1.180,1.178,1.175,1.172,1.169,1.171,1.169,1.162,1.157,1.156,1.153,1.149,1.146,1.138,1.134,1.136,1.134,1.129,1.131,1.133,1.126,1.117,1.114,1.114,1.110,1.104,1.101,1.101,1.103,1.104,1.099,1.092,1.090,1.091,1.090,1.088,1.087,1.089,1.091,1.091,1.094,1.098,1.096,1.093,1.092,1.089,1.090,1.096,1.098,1.095,1.091,1.089,1.093,1.095,1.093,1.095,1.096,1.091,1.090,1.094,1.094,1.089,1.090,1.091,1.089,1.090,1.097,1.098,1.092,1.088,1.095,1.103,1.102,1.100,1.108,1.110,1.104,1.103,1.104,1.103,1.098,1.095,1.096,1.095,1.097,1.101,1.097,1.094,1.097,1.096,1.092,1.093,1.093,1.088,1.087,1.092,1.093,1.095,1.095,1.088,1.082,1.079,1.083,1.093,1.096,1.091,1.086,1.083,1.089,1.093,1.090,1.085,1.083,1.084,1.086,1.087,1.083,1.083,1.081,1.078,1.079,1.078,1.080,1.080,1.081,1.082,1.078,1.073,1.073,1.077,1.080,1.081,1.076,1.066,1.064,1.061,1.056,1.060,1.065,1.063,1.060,1.053,1.051,1.059,1.061,1.061,1.067,1.073,1.069,1.056,1.049,1.054,1.062,1.060,1.054,1.053,1.053,1.051,1.047,1.048,1.049,1.047,1.051,1.052,1.046,1.041,1.043,1.047,1.045,1.040,1.039,1.043,1.046,1.045,1.044,1.038,1.030,1.032,1.037,1.039,1.044,1.043,1.033,1.026,1.015,1.016,1.034,1.042,1.038,1.035,1.030,1.024,1.026,1.030,1.022,1.015,1.022,1.029,1.024,1.018,1.025,1.033,1.028,1.025,1.028,1.019,1.009,1.015,1.015,1.014,1.012,0.999,1.002,1.008,0.998,1.001,1.019,1.020,1.001,0.991,0.995,0.997,0.998,1.000,0.997,1.005,1.014,1.011,1.004,0.995,0.986,0.984,0.985,0.988,0.985,0.976,0.983,0.990,0.992,0.994,0.990,0.991,1.000,1.002,0.994,0.986,0.989,0.992,0.986,0.976,0.978,0.989,0.991,0.986,0.982,0.979,0.967,0.961,0.971,0.972,0.981,0.992,0.982,0.980,0.985,0.990,0.992,0.978,0.960,0.951,0.959,0.990,0.988,0.955,0.975,1.000
3.8,0.4,6.3,1.640,1.761,1.788,1.850,1.910,1.905,1.936,2.048,2.282,2.572,2.737,2.777,2.848,3.019,3.125,3.231,3.380,3.467,3.575,3.655,3.715,3.795,3.848,3.888,3.904,3.933,3.998,4.087,4.138,4.163,4.219,4.192,4.143,4.181,4.198,4.173,4.175,4.187,4.157,4.135,4.147,4.126,4.096,4.086,4.065,4.033,4.001,3.973,3.939,3.897,3.869,3.857,3.840,3.812,3.779,3.748,3.726,3.698,3.662,3.636,3.605,3.561,3.524,3.497,3.463,3.416,3.377,3.350,3.319,3.281,3.241,3.202,3.164,3.122,3.085,3.050,3.000,2.949,2.918,2.891,2.857,2.821,2.783,2.746,2.720,2.692,2.665,2.645,2.623,2.594,2.564,2.537,2.511,2.488,2.470,2.453,2.431,2.407,2.389,2.377,2.359,2.336,2.319,2.303,2.288,2.271,2.250,2.232,2.214,2.194,2.174,2.152,2.137,2.129,2.113,2.098,2.084,2.065,2.052,2.042,2.040,2.039,2.028,2.018,2.003,1.990,1.986,1.974,1.958,1.955,1.962,1.957,1.940,1.921,1.909,1.903,1.898,1.890,1.880,1.876,1.879,1.874,1.858,1.847,1.844,1.836,1.828,1.825,1.823,1.813,1.799,1.796,1.796,1.786,1.775,1.765,1.755,1.754,1.749,1.739,1.738,1.734,1.718,1.709,1.712,1.711,1.705,1.700,1.694,1.682,1.672,1.670,1.665,1.653,1.646,1.642,1.632,1.621,1.615,1.616,1.624,1.621,1.614,1.609,1.597,1.586,1.584,1.581,1.572,1.567,1.566,1.561,1.552,1.546,1.542,1.534,1.529,1.529,1.528,1.522,1.517,1.516,1.510,1.510,1.507,1.494,1.485,1.480,1.478,1.473,1.468,1.464,1.461,1.462,1.459,1.449,1.440,1.438,1.434,1.424,1.419,1.425,1.427,1.421,1.413,1.408,1.409,1.404,1.396,1.394,1.389,1.384,1.384,1.382,1.380,1.377,1.371,1.364,1.361,1.362,1.359,1.352,1.347,1.345,1.347,1.345,1.339,1.334,1.329,1.325,1.322,1.320,1.318,1.316,1.315,1.309,1.302,1.296,1.292,1.290,1.286,1.283,1.281,1.276,1.271,1.270,1.271,1.267,1.262,1.258,1.256,1.252,1.248,1.245,1.241,1.240,1.237,1.230,1.225,1.221,1.221,1.221,1.218,1.212,1.206,1.205,1.205,1.198,1.194,1.195,1.195,1.193,1.188,1.184,1.183,1.183,1.178,1.172,1.168,1.166,1.165,1.164,1.164,1.162,1.156,1.152,1.148,1.147,1.147,1.149,1.151,1.152,1.151,1.154,1.156,1.153,1.150,1.148,1.146,1.149,1.150,1.146,1.145,1.147,1.147,1.147,1.149,1.150,1.150,1.145,1.142,1.144,1.146,1.147,1.145,1.142,1.141,1.141,1.141,1.144,1.148,1.146,1.144,1.147,1.150,1.151,1.149,1.152,1.158,1.157,1.152,1.150,1.152,1.150,1.147,1.147,1.144,1.144,1.147,1.147,1.142,1.142,1.143,1.141,1.141,1.140,1.140,1.139,1.140,1.140,1.142,1.143,1.141,1.138,1.133,1.135,1.140,1.139,1.138,1.141,1.141,1.135,1.132,1.136,1.138,1.137,1.130,1.127,1.128,1.126,1.127,1.126,1.120,1.114,1.119,1.126,1.123,1.122,1.124,1.121,1.119,1.121,1.117,1.113,1.114,1.112,1.110,1.110,1.107,1.106,1.108,1.109,1.110,1.107,1.102,1.099,1.100,1.101,1.100,1.098,1.101,1.101,1.093,1.088,1.095,1.099,1.094,1.087,1.085,1.089,1.090,1.088,1.087,1.088,1.089,1.091,1.090,1.089,1.089,1.080,1.075,1.081,1.081,1.082,1.087,1.082,1.078,1.078,1.078,1.079,1.074,1.065,1.068,1.074,1.071,1.068,1.069,1.063,1.059,1.064,1.065,1.065,1.061,1.056,1.060,1.065,1.062,1.058,1.056,1.060,1.064,1.064,1.061,1.060,1.062,1.054,1.051,1.062,1.060,1.055,1.065,1.067,1.057,1.040,1.026,1.031,1.036,1.035,1.041,1.043,1.038,1.030,1.025,1.035,1.030,1.018,1.028,1.039,1.047,1.049,1.037,1.034,1.044,1.039,1.025,1.025,1.028,1.018,1.019,1.033,1.031,1.016,1.012,1.026,1.028,1.014,1.012,1.002,0.993,1.009,1.021,1.017,1.014,1.011,1.005,1.008,1.020,1.017,1.010,1.008,0.996,1.001,1.016,1.024,1.020,1.008,1.006,1.002,1.003,1.012,1.007,0.993,0.981,0.989,1.018,1.011,0.979,0.989,1.000
8.8,0.9,1.8,1.702,1.763,1.790,1.861,1.934,1.901,1.915,2.023,2.063,2.092,2.189,2.192,2.150,2.215,2.278,2.304,2.358,2.398,2.402,2.408,2.424,2.442,2.466,2.491,2.518,2.534,2.526,2.536,2.575,2.595,2.609,2.618,2.613,2.620,2.624,2.610,2.604,2.617,2.622,2.623,2.634,2.638,2.637,2.635,2.639,2.644,2.643,2.645,2.641,2.628,2.621,2.624,2.628,2.630,2.629,2.627,2.632,2.635,2.626,2.620,2.628,2.633,2.624,2.616,2.612,2.601,2.589,2.586,2.581,2.569,2.558,2.551,2.540,2.527,2.519,2.509,2.492,2.475,2.465,2.460,2.452,2.443,2.434,2.423,2.415,2.410,2.403,2.392,2.381,2.377,2.379,2.378,2.367,2.357,2.353,2.348,2.348,2.347,2.342,2.335,2.333,2.327,2.320,2.321,2.322,2.319,2.317,2.310,2.302,2.300,2.295,2.284,2.278,2.272,2.269,2.270,2.266,2.257,2.258,2.261,2.259,2.259,2.256,2.249,2.245,2.247,2.246,2.241,2.239,2.241,2.246,2.248,2.241,2.230,2.220,2.222,2.228,2.225,2.223,2.220,2.215,2.214,2.213,2.212,2.208,2.201,2.198,2.198,2.193,2.192,2.197,2.192,2.179,2.173,2.176,2.177,2.174,2.169,2.165,2.161,2.161,2.162,2.152,2.140,2.136,2.132,2.128,2.124,2.114,2.106,2.104,2.101,2.099,2.099,2.096,2.088,2.082,2.074,2.064,2.066,2.070,2.060,2.052,2.047,2.042,2.035,2.029,2.031,2.027,2.016,2.011,2.007,2.002,2.000,1.996,1.985,1.978,1.976,1.974,1.967,1.958,1.957,1.956,1.952,1.948,1.935,1.926,1.925,1.922,1.914,1.903,1.899,1.897,1.894,1.891,1.884,1.877,1.872,1.870,1.866,1.856,1.854,1.853,1.844,1.834,1.827,1.825,1.822,1.814,1.809,1.805,1.799,1.794,1.795,1.791,1.780,1.776,1.773,1.764,1.760,1.758,1.752,1.747,1.742,1.734,1.725,1.718,1.716,1.713,1.711,1.706,1.699,1.696,1.695,1.694,1.688,1.679,1.671,1.666,1.661,1.651,1.640,1.635,1.630,1.623,1.617,1.615,1.613,1.608,1.601,1.596,1.593,1.587,1.579,1.575,1.573,1.568,1.560,1.554,1.549,1.541,1.534,1.530,1.530,1.529,1.522,1.516,1.512,1.507,1.500,1.492,1.492,1.489,1.481,1.474,1.471,1.467,1.459,1.454,1.452,1.448,1.444,1.442,1.438,1.433,1.430,1.428,1.422,1.417,1.415,1.413,1.411,1.409,1.409,1.407,1.400,1.396,1.393,1.387,1.386,1.389,1.387,1.384,1.384,1.380,1.378,1.378,1.374,1.369,1.363,1.360,1.362,1.365,1.362,1.356,1.356,1.361,1.361,1.356,1.354,1.352,1.348,1.347,1.346,1.344,1.344,1.345,1.347,1.346,1.342,1.336,1.332,1.330,1.328,1.326,1.323,1.320,1.320,1.320,1.318,1.315,1.312,1.310,1.307,1.306,1.307,1.304,1.301,1.299,1.297,1.297,1.294,1.288,1.286,1.284,1.279,1.279,1.283,1.284,1.281,1.276,1.271,1.270,1.271,1.269,1.266,1.262,1.259,1.257,1.250,1.247,1.248,1.250,1.251,1.248,1.246,1.241,1.237,1.236,1.234,1.229,1.228,1.229,1.229,1.226,1.219,1.212,1.209,1.208,1.209,1.207,1.202,1.199,1.198,1.199,1.195,1.188,1.187,1.189,1.191,1.194,1.192,1.181,1.176,1.180,1.178,1.174,1.175,1.174,1.168,1.162,1.163,1.165,1.162,1.159,1.161,1.163,1.163,1.158,1.150,1.148,1.149,1.141,1.139,1.143,1.141,1.138,1.133,1.128,1.128,1.133,1.130,1.124,1.124,1.126,1.125,1.125,1.120,1.116,1.124,1.126,1.119,1.116,1.113,1.110,1.109,1.109,1.108,1.107,1.111,1.113,1.103,1.093,1.094,1.100,1.100,1.099,1.104,1.101,1.090,1.087,1.088,1.088,1.081,1.071,1.075,1.081,1.074,1.069,1.071,1.070,1.066,1.062,1.062,1.055,1.047,1.052,1.064,1.076,1.071,1.056,1.049,1.046,1.040,1.038,1.047,1.057,1.057,1.047,1.042,1.045,1.047,1.041,1.033,1.028,1.026,1.025,1.017,1.016,1.023,1.029,1.033,1.041,1.041,1.032,1.031,1.024,1.005,1.000,1.009,1.012,1.006,1.004,1.012,1.015,1.011,1.013,1.014,1.006,1.007,1.007,1.002,0.996,0.992,0.999,0.985,0.968,0.992,1.000
6.3,0.1,8.8,1.222,1.243,1.288,1.329,1.311,1.319,1.361,1.408,1.439,1.445,1.497,1.557,1.572,1.602,1.628,1.655,1.714,1.766,1.785,1.776,1.768,1.803,1.849,1.834,1.817,1.839,1.855,1.871,1.894,1.900,1.918,1.927,1.905,1.888,1.874,1.862,1.870,1.891,1.884,1.864,1.863,1.865,1.866,1.875,1.884,1.881,1.869,1.857,1.845,1.836,1.836,1.840,1.837,1.833,1.831,1.825,1.813,1.806,1.806,1.802,1.795,1.791,1.787,1.782,1.776,1.766,1.756,1.748,1.743,1.739,1.731,1.721,1.710,1.701,1.694,1.684,1.674,1.663,1.654,1.648,1.642,1.635,1.627,1.622,1.615,1.608,1.601,1.592,1.583,1.579,1.576,1.572,1.567,1.561,1.555,1.549,1.547,1.546,1.539,1.532,1.529,1.522,1.516,1.518,1.520,1.512,1.501,1.497,1.496,1.494,1.491,1.486,1.478,1.474,1.474,1.470,1.463,1.459,1.460,1.459,1.454,1.448,1.449,1.449,1.444,1.441,1.440,1.440,1.438,1.434,1.431,1.430,1.426,1.420,1.419,1.424,1.421,1.411,1.408,1.412,1.417,1.418,1.415,1.410,1.405,1.401,1.396,1.391,1.388,1.389,1.386,1.384,1.383,1.379,1.377,1.373,1.369,1.370,1.371,1.371,1.369,1.363,1.358,1.356,1.357,1.360,1.355,1.353,1.354,1.349,1.343,1.343,1.342,1.340,1.336,1.333,1.334,1.333,1.326,1.323,1.324,1.321,1.319,1.319,1.316,1.314,1.313,1.311,1.310,1.309,1.305,1.300,1.298,1.294,1.292,1.290,1.290,1.290,1.288,1.283,1.280,1.282,1.279,1.277,1.277,1.271,1.266,1.266,1.265,1.261,1.259,1.258,1.258,1.257,1.253,1.252,1.254,1.253,1.249,1.247,1.245,1.244,1.242,1.238,1.232,1.229,1.230,1.229,1.226,1.226,1.227,1.222,1.220,1.221,1.221,1.220,1.219,1.214,1.211,1.209,1.207,1.206,1.205,1.203,1.202,1.198,1.196,1.196,1.196,1.194,1.192,1.190,1.191,1.190,1.187,1.183,1.181,1.180,1.177,1.174,1.173,1.171,1.170,1.167,1.165,1.163,1.163,1.160,1.158,1.160,1.159,1.155,1.152,1.151,1.150,1.148,1.145,1.142,1.140,1.141,1.142,1.139,1.137,1.135,1.133,1.131,1.128,1.126,1.126,1.126,1.124,1.124,1.125,1.120,1.117,1.118,1.116,1.112,1.111,1.112,1.111,1.107,1.105,1.105,1.105,1.103,1.102,1.101,1.101,1.099,1.098,1.098,1.098,1.099,1.099,1.098,1.098,1.098,1.096,1.096,1.096,1.096,1.095,1.095,1.095,1.095,1.095,1.095,1.094,1.092,1.090,1.090,1.091,1.092,1.090,1.089,1.090,1.091,1.089,1.091,1.092,1.090,1.086,1.087,1.091,1.092,1.092,1.093,1.094,1.093,1.090,1.088,1.087,1.086,1.085,1.085,1.085,1.085,1.086,1.084,1.082,1.082,1.082,1.084,1.085,1.083,1.081,1.081,1.082,1.081,1.081,1.082,1.081,1.079,1.079,1.079,1.078,1.079,1.079,1.076,1.074,1.075,1.076,1.076,1.075,1.074,1.071,1.072,1.074,1.074,1.071,1.068,1.070,1.072,1.072,1.069,1.066,1.066,1.070,1.070,1.069,1.067,1.065,1.065,1.067,1.067,1.064,1.061,1.062,1.064,1.065,1.063,1.061,1.060,1.057,1.053,1.054,1.055,1.056,1.060,1.061,1.057,1.054,1.055,1.058,1.057,1.053,1.050,1.050,1.050,1.049,1.048,1.047,1.048,1.048,1.049,1.050,1.050,1.049,1.047,1.046,1.043,1.041,1.043,1.046,1.045,1.044,1.046,1.045,1.042,1.040,1.037,1.035,1.039,1.042,1.042,1.040,1.037,1.034,1.034,1.035,1.038,1.038,1.036,1.037,1.036,1.035,1.032,1.029,1.033,1.036,1.033,1.031,1.034,1.032,1.027,1.029,1.033,1.032,1.031,1.030,1.027,1.029,1.029,1.023,1.025,1.028,1.027,1.026,1.023,1.017,1.016,1.016,1.015,1.013,1.012,1.012,1.010,1.016,1.024,1.020,1.009,1.012,1.022,1.019,1.014,1.016,1.016,1.014,1.013,1.012,1.012,1.014,1.018,1.017,1.008,1.004,1.003,1.002,1.006,1.011,1.012,1.013,1.010,1.006,1.004,1.000,1.002,1.006,1.004,1.001,1.000,1.001,1.011,1.016,1.006,1.004,1.005,1.001,0.995,0.991,0.992,0.998,1.003,1.008,1.002,0.992,0.999,1.000
1.3,0.6,3.8,1.304,1.539,1.618,1.680,1.668,1.613,1.783,2.030,2.254,2.428,2.487,2.505,2.524,2.594,2.755,2.975,3.133,3.201,3.273,3.280,3.212,3.196,3.234,3.273,3.322,3.358,3.361,3.371,3.368,3.351,3.371,3.377,3.341,3.290,3.252,3.242,3.222,3.185,3.151,3.127,3.125,3.106,3.050,3.001,2.982,2.963,2.925,2.896,2.874,2.842,2.804,2.786,2.775,2.734,2.697,2.678,2.657,2.634,2.606,2.578,2.557,2.524,2.486,2.467,2.440,2.394,2.363,2.342,2.309,2.278,2.253,2.224,2.188,2.154,2.122,2.087,2.056,2.019,1.981,1.956,1.929,1.902,1.878,1.852,1.822,1.801,1.785,1.760,1.737,1.722,1.702,1.683,1.669,1.654,1.641,1.633,1.626,1.615,1.602,1.592,1.588,1.576,1.563,1.558,1.551,1.536,1.519,1.513,1.509,1.503,1.490,1.471,1.458,1.454,1.450,1.445,1.442,1.440,1.433,1.422,1.420,1.424,1.421,1.411,1.406,1.418,1.429,1.418,1.397,1.390,1.396,1.398,1.391,1.383,1.383,1.389,1.391,1.387,1.381,1.369,1.367,1.382,1.390,1.388,1.376,1.363,1.363,1.365,1.367,1.377,1.382,1.374,1.362,1.359,1.367,1.361,1.350,1.350,1.355,1.359,1.365,1.369,1.355,1.337,1.338,1.337,1.330,1.332,1.337,1.332,1.328,1.328,1.326,1.319,1.311,1.318,1.326,1.318,1.309,1.310,1.315,1.308,1.302,1.302,1.294,1.284,1.280,1.279,1.283,1.294,1.296,1.283,1.271,1.269,1.273,1.276,1.274,1.268,1.265,1.260,1.256,1.259,1.256,1.254,1.252,1.235,1.227,1.238,1.249,1.241,1.230,1.234,1.231,1.227,1.233,1.229,1.217,1.214,1.213,1.213,1.213,1.215,1.217,1.211,1.201,1.194,1.195,1.196,1.196,1.196,1.187,1.179,1.182,1.189,1.195,1.194,1.189,1.180,1.172,1.174,1.172,1.166,1.165,1.162,1.159,1.155,1.154,1.158,1.152,1.141,1.139,1.147,1.152,1.150,1.148,1.143,1.141,1.140,1.136,1.134,1.129,1.120,1.112,1.106,1.104,1.102,1.106,1.110,1.108,1.106,1.105,1.099,1.094,1.095,1.096,1.092,1.086,1.081,1.082,1.082,1.076,1.070,1.069,1.065,1.062,1.065,1.059,1.051,1.053,1.057,1.059,1.056,1.052,1.049,1.043,1.039,1.038,1.033,1.027,1.025,1.027,1.031,1.033,1.031,1.029,1.024,1.021,1.024,1.025,1.023,1.023,1.025,1.021,1.021,1.026,1.026,1.023,1.024,1.027,1.027,1.033,1.034,1.033,1.036,1.037,1.040,1.042,1.037,1.033,1.033,1.033,1.037,1.042,1.040,1.038,1.042,1.046,1.046,1.045,1.050,1.059,1.058,1.051,1.052,1.055,1.050,1.054,1.068,1.077,1.073,1.063,1.059,1.065,1.063,1.056,1.054,1.056,1.059,1.063,1.062,1.057,1.055,1.055,1.056,1.060,1.059,1.056,1.058,1.056,1.057,1.060,1.059,1.059,1.064,1.063,1.057,1.057,1.062,1.063,1.064,1.063,1.058,1.056,1.055,1.057,1.058,1.057,1.059,1.061,1.060,1.057,1.049,1.049,1.056,1.057,1.064,1.067,1.063,1.059,1.052,1.048,1.048,1.050,1.052,1.056,1.054,1.044,1.042,1.047,1.048,1.049,1.050,1.048,1.047,1.045,1.044,1.041,1.037,1.039,1.046,1.052,1.048,1.040,1.045,1.056,1.055,1.048,1.047,1.044,1.041,1.045,1.045,1.033,1.025,1.030,1.034,1.041,1.047,1.034,1.026,1.032,1.031,1.026,1.024,1.022,1.024,1.038,1.045,1.042,1.039,1.032,1.032,1.044,1.046,1.041,1.036,1.026,1.014,1.011,1.022,1.039,1.041,1.024,1.011,1.009,1.018,1.024,1.018,1.012,1.018,1.030,1.024,1.007,1.008,1.031,1.033,1.023,1.032,1.027,1.013,1.014,1.008,1.011,1.019,1.014,1.016,1.014,0.999,0.997,1.001,0.992,0.974,0.974,0.990,0.990,0.988,0.995,0.997,1.009,1.015,1.005,1.000,0.995,0.989,1.001,1.011,0.997,0.983,0.978,0.988,0.996,0.992,0.994,0.997,0.997,0.997,1.005,0.998,0.977,0.992,1.007,0.998,1.009,1.017,0.994,0.986,1.008,1.020,1.017,0.997,0.973,0.983,0.987,0.988,0.996,0.980,0.976,0.983,0.997,1.021,1.000,0.968,0.980,1.005,1.025,1.008,0.980,1.006,1.000
2,0.3,9.4,1.736,1.944,2.017,2.017,2.018,2.072,2.277,2.567,2.829,3.001,3.110,3.155,3.197,3.364,3.589,3.744,3.918,4.139,4.239,4.247,4.288,4.325,4.366,4.476,4.593,4.651,4.648,4.677,4.768,4.787,4.775,4.780,4.760,4.735,4.701,4.683,4.679,4.662,4.636,4.596,4.558,4.549,4.546,4.504,4.452,4.409,4.372,4.343,4.298,4.241,4.209,4.185,4.150,4.117,4.081,4.037,4.006,3.975,3.928,3.879,3.833,3.782,3.746,3.724,3.683,3.624,3.580,3.540,3.491,3.446,3.398,3.339,3.281,3.237,3.201,3.150,3.089,3.035,2.990,2.955,2.911,2.867,2.832,2.790,2.748,2.717,2.679,2.646,2.623,2.586,2.554,2.527,2.494,2.467,2.444,2.418,2.399,2.384,2.356,2.330,2.312,2.285,2.261,2.245,2.236,2.217,2.180,2.155,2.145,2.129,2.110,2.097,2.073,2.050,2.036,2.018,2.008,1.997,1.983,1.970,1.958,1.950,1.933,1.910,1.897,1.891,1.882,1.873,1.871,1.865,1.857,1.850,1.838,1.827,1.820,1.818,1.821,1.809,1.788,1.781,1.780,1.769,1.755,1.754,1.763,1.760,1.748,1.735,1.726,1.726,1.728,1.719,1.702,1.695,1.693,1.683,1.670,1.665,1.667,1.665,1.660,1.655,1.645,1.632,1.630,1.631,1.622,1.613,1.608,1.606,1.603,1.594,1.585,1.575,1.565,1.564,1.565,1.565,1.554,1.541,1.538,1.534,1.533,1.529,1.516,1.508,1.503,1.495,1.494,1.494,1.486,1.479,1.477,1.476,1.471,1.465,1.463,1.461,1.455,1.446,1.438,1.438,1.441,1.441,1.437,1.427,1.414,1.410,1.411,1.397,1.393,1.405,1.401,1.396,1.394,1.381,1.372,1.374,1.373,1.367,1.363,1.366,1.367,1.358,1.353,1.348,1.340,1.337,1.333,1.332,1.329,1.323,1.322,1.324,1.327,1.326,1.318,1.308,1.304,1.308,1.302,1.290,1.288,1.292,1.294,1.292,1.285,1.277,1.267,1.264,1.264,1.262,1.262,1.260,1.257,1.255,1.254,1.253,1.246,1.239,1.233,1.228,1.225,1.219,1.216,1.216,1.216,1.217,1.214,1.209,1.202,1.195,1.194,1.198,1.194,1.188,1.186,1.182,1.182,1.182,1.175,1.167,1.165,1.166,1.167,1.163,1.152,1.146,1.143,1.140,1.140,1.141,1.139,1.137,1.133,1.129,1.128,1.123,1.117,1.117,1.119,1.116,1.112,1.111,1.111,1.109,1.107,1.104,1.101,1.102,1.101,1.100,1.102,1.106,1.109,1.107,1.104,1.103,1.102,1.106,1.112,1.114,1.113,1.115,1.117,1.116,1.113,1.112,1.113,1.110,1.108,1.110,1.114,1.113,1.115,1.119,1.116,1.109,1.112,1.119,1.120,1.117,1.117,1.120,1.122,1.122,1.124,1.130,1.136,1.137,1.135,1.132,1.129,1.125,1.121,1.118,1.122,1.124,1.122,1.120,1.116,1.121,1.124,1.122,1.126,1.130,1.125,1.123,1.122,1.120,1.121,1.122,1.115,1.111,1.115,1.116,1.120,1.127,1.129,1.126,1.121,1.115,1.115,1.122,1.123,1.117,1.113,1.117,1.118,1.110,1.108,1.106,1.105,1.109,1.112,1.113,1.111,1.110,1.112,1.113,1.112,1.107,1.106,1.111,1.116,1.111,1.098,1.094,1.098,1.101,1.103,1.101,1.101,1.106,1.103,1.093,1.087,1.086,1.093,1.103,1.110,1.106,1.095,1.093,1.094,1.090,1.090,1.091,1.084,1.083,1.089,1.089,1.089,1.086,1.082,1.082,1.082,1.086,1.084,1.080,1.087,1.083,1.066,1.070,1.089,1.093,1.084,1.081,1.085,1.082,1.064,1.051,1.057,1.070,1.079,1.078,1.068,1.053,1.050,1.067,1.083,1.088,1.081,1.066,1.061,1.063,1.064,1.058,1.055,1.062,1.060,1.056,1.062,1.058,1.051,1.054,1.048,1.044,1.057,1.070,1.067,1.052,1.040,1.034,1.027,1.034,1.046,1.037,1.025,1.023,1.026,1.035,1.049,1.060,1.045,1.034,1.042,1.037,1.035,1.045,1.040,1.034,1.033,1.023,1.027,1.047,1.049,1.034,1.027,1.039,1.047,1.038,1.023,1.030,1.037,1.019,1.015,1.016,1.009,1.025,1.045,1.039,1.034,1.024,1.008,1.015,1.026,1.033,1.038,1.018,0.999,1.009,1.020,1.039,1.042,1.029,1.044,1.041,1.031,1.044,1.037,1.001,0.976,0.991,1.023,1.026,0.993,0.989,1.000
6.9,0.8,4.4,1.453,1.502,1.497,1.565,1.669,1.639,1.622,1.648,1.686,1.848,1.986,1.902,1.827,1.875,1.942,2.027,2.075,2.077,2.140,2.191,2.172,2.164,2.194,2.234,2.249,2.251,2.287,2.342,2.343,2.326,2.355,2.369,2.350,2.360,2.375,2.362,2.332,2.327,2.344,2.351,2.356,2.351,2.341,2.348,2.361,2.358,2.342,2.339,2.351,2.347,2.334,2.338,2.345,2.348,2.343,2.330,2.325,2.329,2.325,2.318,2.314,2.309,2.304,2.298,2.290,2.283,2.274,2.269,2.263,2.251,2.240,2.230,2.217,2.208,2.203,2.191,2.177,2.167,2.159,2.151,2.140,2.128,2.120,2.113,2.108,2.101,2.093,2.084,2.077,2.071,2.064,2.059,2.051,2.042,2.038,2.035,2.030,2.023,2.016,2.011,2.008,2.004,1.996,1.986,1.983,1.984,1.976,1.970,1.969,1.961,1.948,1.938,1.935,1.936,1.933,1.927,1.921,1.916,1.915,1.916,1.910,1.902,1.896,1.893,1.890,1.888,1.890,1.886,1.875,1.868,1.867,1.866,1.861,1.857,1.858,1.857,1.853,1.847,1.843,1.844,1.839,1.832,1.828,1.825,1.822,1.816,1.811,1.807,1.803,1.802,1.798,1.795,1.791,1.783,1.778,1.774,1.772,1.772,1.771,1.767,1.764,1.760,1.750,1.746,1.746,1.744,1.743,1.739,1.729,1.721,1.719,1.720,1.715,1.709,1.705,1.703,1.700,1.690,1.685,1.685,1.681,1.676,1.671,1.668,1.666,1.660,1.655,1.652,1.650,1.648,1.643,1.634,1.627,1.626,1.622,1.613,1.611,1.613,1.608,1.602,1.602,1.599,1.594,1.593,1.592,1.583,1.574,1.571,1.571,1.568,1.563,1.558,1.552,1.548,1.547,1.543,1.539,1.538,1.536,1.530,1.524,1.523,1.520,1.516,1.511,1.509,1.508,1.503,1.496,1.496,1.495,1.487,1.482,1.481,1.480,1.477,1.472,1.469,1.465,1.464,1.460,1.453,1.451,1.450,1.447,1.443,1.439,1.434,1.431,1.429,1.425,1.421,1.418,1.415,1.412,1.409,1.406,1.401,1.397,1.395,1.391,1.388,1.386,1.382,1.377,1.373,1.370,1.367,1.364,1.364,1.362,1.358,1.353,1.350,1.348,1.343,1.338,1.334,1.332,1.329,1.326,1.323,1.320,1.316,1.311,1.307,1.305,1.302,1.299,1.298,1.298,1.295,1.292,1.288,1.284,1.279,1.278,1.277,1.273,1.270,1.269,1.269,1.264,1.259,1.256,1.254,1.253,1.251,1.249,1.247,1.245,1.246,1.245,1.242,1.242,1.241,1.239,1.237,1.235,1.233,1.234,1.232,1.230,1.229,1.228,1.229,1.228,1.224,1.223,1.221,1.219,1.219,1.219,1.216,1.215,1.214,1.213,1.211,1.209,1.210,1.210,1.206,1.204,1.207,1.208,1.206,1.207,1.209,1.208,1.205,1.201,1.201,1.201,1.199,1.199,1.199,1.197,1.194,1.193,1.192,1.191,1.191,1.186,1.181,1.181,1.182,1.181,1.179,1.179,1.180,1.179,1.177,1.173,1.172,1.173,1.172,1.171,1.170,1.172,1.173,1.169,1.163,1.162,1.164,1.164,1.161,1.159,1.163,1.163,1.157,1.156,1.157,1.155,1.151,1.151,1.149,1.146,1.146,1.147,1.148,1.145,1.139,1.137,1.139,1.138,1.136,1.133,1.131,1.130,1.129,1.128,1.129,1.130,1.129,1.127,1.125,1.122,1.119,1.116,1.117,1.118,1.118,1.114,1.114,1.118,1.115,1.108,1.105,1.106,1.108,1.107,1.105,1.105,1.102,1.099,1.102,1.103,1.101,1.096,1.092,1.091,1.087,1.084,1.085,1.088,1.089,1.090,1.091,1.088,1.087,1.087,1.083,1.080,1.081,1.085,1.083,1.078,1.074,1.073,1.077,1.077,1.074,1.070,1.068,1.067,1.066,1.069,1.072,1.068,1.067,1.070,1.064,1.059,1.058,1.056,1.055,1.053,1.054,1.056,1.054,1.052,1.053,1.054,1.051,1.048,1.045,1.042,1.043,1.049,1.048,1.041,1.035,1.037,1.043,1.041,1.037,1.034,1.031,1.037,1.044,1.041,1.036,1.038,1.033,1.028,1.030,1.031,1.029,1.026,1.025,1.023,1.029,1.034,1.026,1.021,1.020,1.020,1.020,1.020,1.028,1.029,1.019,1.013,1.011,1.007,1.004,1.003,1.001,1.004,1.004,1.004,1.012,1.021,1.021,1.012,1.009,1.013,1.013,1.009,1.010,1.012,0.998,0.978,0.973,0.993,1.004,0.994,0.995,1.000
4.4,0.6,2,1.579,1.651,1.829,1.933,1.875,1.823,1.883,1.984,2.047,2.083,2.135,2.153,2.177,2.243,2.257,2.303,2.414,2.487,2.545,2.584,2.580,2.594,2.627,2.652,2.666,2.670,2.698,2.751,2.772,2.761,2.756,2.770,2.782,2.777,2.785,2.809,2.817,2.805,2.808,2.824,2.819,2.800,2.799,2.802,2.800,2.800,2.793,2.784,2.777,2.776,2.783,2.783,2.773,2.769,2.766,2.766,2.772,2.767,2.755,2.751,2.744,2.727,2.716,2.714,2.708,2.693,2.680,2.674,2.663,2.651,2.639,2.624,2.603,2.583,2.572,2.562,2.544,2.526,2.509,2.495,2.480,2.464,2.449,2.435,2.423,2.414,2.401,2.385,2.378,2.371,2.360,2.357,2.348,2.334,2.329,2.325,2.320,2.310,2.295,2.293,2.291,2.281,2.275,2.270,2.265,2.258,2.247,2.234,2.226,2.220,2.211,2.203,2.197,2.192,2.185,2.183,2.177,2.169,2.168,2.157,2.152,2.156,2.151,2.144,2.137,2.130,2.129,2.128,2.124,2.121,2.121,2.121,2.117,2.108,2.103,2.109,2.109,2.093,2.078,2.072,2.076,2.080,2.074,2.066,2.065,2.057,2.049,2.046,2.039,2.037,2.036,2.031,2.026,2.023,2.020,2.011,2.002,2.000,2.001,2.001,1.999,1.992,1.976,1.962,1.964,1.967,1.962,1.956,1.948,1.941,1.937,1.931,1.929,1.924,1.917,1.913,1.909,1.903,1.895,1.890,1.891,1.890,1.883,1.872,1.865,1.862,1.858,1.853,1.844,1.837,1.832,1.826,1.821,1.819,1.819,1.810,1.798,1.796,1.798,1.790,1.781,1.777,1.769,1.766,1.767,1.757,1.747,1.744,1.741,1.735,1.730,1.727,1.718,1.712,1.713,1.708,1.698,1.693,1.688,1.680,1.676,1.677,1.677,1.671,1.663,1.655,1.651,1.646,1.637,1.633,1.627,1.622,1.623,1.626,1.623,1.616,1.609,1.602,1.595,1.592,1.588,1.581,1.578,1.577,1.575,1.566,1.560,1.556,1.550,1.547,1.544,1.539,1.536,1.531,1.525,1.518,1.513,1.509,1.506,1.505,1.500,1.491,1.484,1.478,1.475,1.472,1.469,1.464,1.458,1.454,1.450,1.443,1.437,1.433,1.428,1.425,1.422,1.417,1.415,1.409,1.402,1.399,1.395,1.390,1.385,1.383,1.381,1.374,1.367,1.365,1.364,1.361,1.357,1.351,1.344,1.342,1.343,1.340,1.333,1.328,1.324,1.320,1.318,1.313,1.308,1.304,1.303,1.302,1.299,1.296,1.294,1.292,1.292,1.296,1.299,1.295,1.290,1.287,1.283,1.280,1.281,1.283,1.281,1.276,1.277,1.281,1.279,1.275,1.274,1.271,1.268,1.266,1.267,1.266,1.262,1.261,1.261,1.257,1.256,1.258,1.258,1.258,1.259,1.261,1.261,1.261,1.260,1.260,1.262,1.262,1.258,1.254,1.252,1.251,1.248,1.246,1.249,1.250,1.246,1.241,1.236,1.238,1.242,1.241,1.239,1.237,1.233,1.231,1.228,1.229,1.231,1.227,1.221,1.216,1.212,1.213,1.217,1.217,1.219,1.220,1.217,1.213,1.213,1.213,1.211,1.208,1.207,1.209,1.208,1.201,1.197,1.196,1.194,1.191,1.192,1.195,1.194,1.189,1.188,1.189,1.185,1.177,1.172,1.177,1.178,1.173,1.169,1.169,1.172,1.171,1.167,1.163,1.161,1.159,1.156,1.156,1.153,1.150,1.151,1.153,1.155,1.154,1.147,1.144,1.151,1.156,1.152,1.143,1.138,1.138,1.132,1.120,1.117,1.124,1.127,1.126,1.129,1.130,1.126,1.125,1.121,1.117,1.113,1.109,1.111,1.115,1.117,1.116,1.115,1.112,1.108,1.104,1.103,1.109,1.110,1.105,1.101,1.098,1.095,1.094,1.098,1.101,1.095,1.086,1.079,1.079,1.087,1.084,1.077,1.081,1.082,1.074,1.076,1.086,1.086,1.078,1.074,1.081,1.082,1.076,1.075,1.067,1.061,1.065,1.065,1.069,1.077,1.074,1.064,1.061,1.065,1.062,1.057,1.061,1.062,1.048,1.037,1.040,1.048,1.051,1.046,1.042,1.048,1.050,1.044,1.041,1.034,1.033,1.039,1.043,1.039,1.026,1.032,1.043,1.037,1.033,1.031,1.021,1.015,1.029,1.045,1.040,1.025,1.024,1.034,1.036,1.037,1.034,1.029,1.022,1.016,1.028,1.025,1.017,1.019,1.013,1.017,1.028,1.033,1.031,1.014,0.999,0.994,0.993,1.012,1.018,0.990,0.990,1.000
3.2,0.2,3.2,1.398,1.494,1.520,1.487,1.459,1.421,1.465,1.568,1.660,1.758,1.804,1.764,1.738,1.798,1.858,1.893,1.925,1.939,1.975,1.995,1.993,2.018,2.035,2.034,2.028,2.043,2.067,2.075,2.077,2.082,2.106,2.109,2.085,2.085,2.103,2.116,2.106,2.091,2.094,2.102,2.112,2.115,2.099,2.081,2.075,2.083,2.086,2.078,2.071,2.065,2.064,2.065,2.064,2.064,2.064,2.062,2.060,2.055,2.046,2.043,2.040,2.032,2.029,2.029,2.022,2.011,2.001,1.993,1.984,1.976,1.971,1.966,1.952,1.937,1.929,1.918,1.904,1.894,1.886,1.879,1.872,1.864,1.857,1.849,1.836,1.829,1.827,1.819,1.812,1.808,1.801,1.797,1.791,1.784,1.779,1.777,1.778,1.773,1.765,1.763,1.763,1.757,1.747,1.746,1.750,1.749,1.743,1.735,1.733,1.736,1.730,1.719,1.713,1.715,1.716,1.710,1.707,1.707,1.706,1.703,1.698,1.693,1.693,1.693,1.689,1.688,1.691,1.689,1.684,1.685,1.689,1.688,1.682,1.679,1.679,1.679,1.675,1.669,1.662,1.660,1.662,1.665,1.667,1.664,1.656,1.651,1.656,1.655,1.650,1.651,1.649,1.645,1.641,1.637,1.636,1.637,1.637,1.633,1.626,1.621,1.625,1.625,1.616,1.610,1.612,1.612,1.607,1.605,1.605,1.604,1.603,1.598,1.592,1.589,1.587,1.586,1.583,1.577,1.576,1.580,1.577,1.565,1.560,1.562,1.560,1.555,1.555,1.554,1.550,1.547,1.548,1.546,1.539,1.530,1.527,1.526,1.524,1.523,1.520,1.517,1.513,1.509,1.507,1.506,1.501,1.496,1.494,1.496,1.495,1.487,1.484,1.484,1.480,1.476,1.476,1.476,1.473,1.471,1.470,1.463,1.457,1.455,1.454,1.450,1.444,1.439,1.441,1.438,1.430,1.428,1.426,1.423,1.424,1.426,1.423,1.418,1.415,1.410,1.405,1.406,1.404,1.399,1.397,1.394,1.391,1.390,1.387,1.384,1.381,1.377,1.374,1.371,1.369,1.368,1.367,1.362,1.356,1.353,1.352,1.352,1.345,1.339,1.338,1.337,1.332,1.328,1.329,1.328,1.324,1.320,1.316,1.313,1.312,1.310,1.305,1.302,1.297,1.294,1.295,1.293,1.289,1.286,1.283,1.281,1.278,1.276,1.274,1.270,1.266,1.263,1.262,1.258,1.258,1.259,1.256,1.250,1.244,1.241,1.238,1.237,1.238,1.237,1.235,1.231,1.225,1.223,1.222,1.220,1.219,1.219,1.219,1.220,1.220,1.218,1.218,1.216,1.214,1.212,1.210,1.209,1.210,1.209,1.207,1.207,1.206,1.205,1.203,1.202,1.201,1.198,1.195,1.196,1.199,1.200,1.199,1.198,1.199,1.198,1.194,1.194,1.195,1.194,1.193,1.195,1.195,1.192,1.192,1.195,1.197,1.196,1.192,1.192,1.195,1.192,1.187,1.186,1.185,1.187,1.189,1.186,1.183,1.183,1.183,1.180,1.179,1.176,1.172,1.174,1.176,1.176,1.173,1.169,1.166,1.167,1.166,1.164,1.165,1.168,1.168,1.166,1.164,1.162,1.159,1.157,1.155,1.156,1.156,1.154,1.155,1.153,1.150,1.151,1.150,1.150,1.150,1.149,1.146,1.145,1.144,1.141,1.137,1.135,1.136,1.136,1.137,1.138,1.133,1.129,1.131,1.131,1.125,1.123,1.126,1.125,1.123,1.121,1.120,1.118,1.117,1.117,1.119,1.120,1.116,1.111,1.110,1.110,1.112,1.111,1.107,1.106,1.106,1.103,1.101,1.098,1.098,1.099,1.101,1.102,1.099,1.095,1.092,1.089,1.088,1.091,1.097,1.096,1.092,1.089,1.087,1.087,1.087,1.082,1.081,1.084,1.080,1.077,1.080,1.080,1.076,1.075,1.076,1.075,1.072,1.069,1.069,1.068,1.066,1.062,1.061,1.069,1.074,1.067,1.066,1.074,1.076,1.067,1.061,1.055,1.052,1.055,1.059,1.059,1.057,1.051,1.046,1.053,1.059,1.052,1.045,1.045,1.046,1.041,1.036,1.038,1.036,1.034,1.038,1.042,1.046,1.046,1.035,1.032,1.037,1.029,1.027,1.033,1.030,1.025,1.025,1.025,1.023,1.025,1.029,1.029,1.020,1.011,1.013,1.011,1.007,1.015,1.028,1.019,1.005,1.007,1.008,1.003,0.997,0.995,1.000,0.995,0.994,1.005,1.007,1.005,1.006,1.006,1.008,1.008,1.014,1.019,1.004,0.980,0.979,0.997,1.016,1.010,0.988,0.994,1.000
8.1,0.7,8.1,1.376,1.503,1.459,1.377,1.384,1.396,1.432,1.552,1.669,1.714,1.769,1.776,1.763,1.799,1.833,1.899,1.989,2.040,2.073,2.059,2.053,2.106,2.148,2.139,2.121,2.135,2.173,2.229,2.264,2.255,2.254,2.243,2.223,2.226,2.251,2.278,2.276,2.267,2.256,2.245,2.258,2.261,2.253,2.255,2.257,2.265,2.265,2.250,2.237,2.227,2.224,2.231,2.239,2.238,2.228,2.221,2.222,2.220,2.212,2.204,2.200,2.191,2.183,2.180,2.170,2.161,2.156,2.149,2.143,2.136,2.126,2.118,2.106,2.093,2.085,2.082,2.078,2.066,2.054,2.045,2.037,2.031,2.023,2.015,2.012,2.007,1.994,1.983,1.977,1.971,1.962,1.957,1.950,1.939,1.933,1.929,1.927,1.925,1.916,1.909,1.909,1.907,1.897,1.892,1.891,1.882,1.871,1.866,1.868,1.864,1.853,1.846,1.841,1.836,1.832,1.826,1.820,1.815,1.812,1.806,1.801,1.798,1.796,1.795,1.789,1.783,1.780,1.775,1.768,1.766,1.765,1.761,1.759,1.758,1.751,1.748,1.749,1.743,1.733,1.728,1.730,1.731,1.729,1.725,1.719,1.716,1.714,1.707,1.699,1.695,1.692,1.687,1.686,1.684,1.678,1.673,1.666,1.662,1.661,1.660,1.661,1.659,1.651,1.644,1.648,1.648,1.640,1.636,1.630,1.623,1.619,1.618,1.613,1.608,1.606,1.603,1.599,1.596,1.591,1.588,1.588,1.584,1.578,1.576,1.574,1.569,1.562,1.560,1.559,1.557,1.554,1.552,1.549,1.546,1.540,1.535,1.534,1.532,1.528,1.523,1.517,1.513,1.514,1.513,1.505,1.498,1.497,1.497,1.493,1.489,1.485,1.483,1.482,1.480,1.476,1.470,1.466,1.463,1.460,1.459,1.456,1.453,1.451,1.448,1.443,1.438,1.436,1.434,1.429,1.428,1.427,1.425,1.424,1.420,1.415,1.412,1.409,1.407,1.406,1.404,1.400,1.395,1.393,1.393,1.390,1.387,1.385,1.384,1.379,1.371,1.368,1.367,1.365,1.365,1.364,1.360,1.355,1.352,1.350,1.348,1.345,1.340,1.339,1.337,1.333,1.329,1.328,1.326,1.323,1.320,1.320,1.317,1.312,1.308,1.307,1.305,1.301,1.299,1.298,1.294,1.291,1.289,1.287,1.284,1.282,1.279,1.275,1.272,1.270,1.269,1.268,1.266,1.267,1.264,1.258,1.254,1.252,1.251,1.249,1.249,1.247,1.243,1.240,1.239,1.237,1.235,1.234,1.232,1.229,1.228,1.228,1.227,1.226,1.223,1.223,1.224,1.221,1.216,1.217,1.220,1.219,1.217,1.214,1.213,1.211,1.210,1.212,1.212,1.210,1.208,1.206,1.206,1.205,1.202,1.201,1.202,1.201,1.199,1.198,1.199,1.199,1.195,1.192,1.192,1.192,1.191,1.191,1.190,1.190,1.190,1.188,1.187,1.185,1.184,1.181,1.181,1.182,1.181,1.181,1.182,1.179,1.176,1.175,1.175,1.175,1.171,1.169,1.170,1.171,1.172,1.170,1.168,1.165,1.162,1.162,1.163,1.161,1.160,1.160,1.159,1.157,1.155,1.152,1.152,1.153,1.151,1.149,1.149,1.150,1.150,1.149,1.145,1.144,1.145,1.143,1.144,1.143,1.141,1.142,1.139,1.135,1.132,1.130,1.131,1.132,1.130,1.128,1.129,1.127,1.124,1.123,1.122,1.122,1.120,1.117,1.117,1.119,1.120,1.120,1.118,1.115,1.115,1.115,1.111,1.109,1.110,1.109,1.105,1.101,1.101,1.103,1.100,1.098,1.100,1.099,1.098,1.098,1.099,1.097,1.093,1.093,1.094,1.093,1.089,1.089,1.090,1.089,1.086,1.083,1.084,1.086,1.084,1.080,1.081,1.085,1.084,1.078,1.076,1.078,1.081,1.080,1.077,1.076,1.078,1.075,1.070,1.071,1.071,1.068,1.072,1.074,1.071,1.069,1.068,1.066,1.066,1.066,1.067,1.067,1.063,1.058,1.055,1.058,1.060,1.059,1.059,1.056,1.052,1.054,1.055,1.051,1.048,1.047,1.048,1.048,1.047,1.048,1.047,1.049,1.050,1.044,1.042,1.044,1.039,1.033,1.031,1.035,1.038,1.035,1.035,1.035,1.031,1.034,1.036,1.029,1.026,1.028,1.028,1.025,1.027,1.032,1.032,1.037,1.040,1.027,1.020,1.023,1.021,1.022,1.028,1.032,1.035,1.028,1.022,1.028,1.023,1.015,1.020,1.018,1.011,1.019,1.024,1.017,1.012,1.016,1.017,1.012,1.009,1.000
5.7,0.4,0.7,1.454,1.521,1.476,1.497,1.561,1.592,1.636,1.646,1.662,1.726,1.731,1.638,1.605,1.673,1.729,1.776,1.804,1.822,1.839,1.802,1.785,1.812,1.824,1.831,1.851,1.880,1.887,1.878,1.887,1.896,1.903,1.914,1.908,1.905,1.918,1.913,1.898,1.895,1.897,1.905,1.920,1.913,1.896,1.897,1.902,1.902,1.902,1.908,1.908,1.903,1.910,1.916,1.921,1.923,1.918,1.920,1.929,1.924,1.907,1.904,1.912,1.912,1.909,1.911,1.909,1.897,1.889,1.885,1.871,1.858,1.856,1.853,1.842,1.827,1.816,1.808,1.796,1.779,1.768,1.767,1.760,1.747,1.741,1.732,1.723,1.720,1.713,1.704,1.698,1.690,1.685,1.685,1.683,1.681,1.678,1.678,1.684,1.686,1.679,1.677,1.680,1.676,1.672,1.672,1.671,1.671,1.667,1.663,1.662,1.661,1.656,1.648,1.643,1.647,1.649,1.645,1.645,1.643,1.644,1.649,1.649,1.651,1.654,1.651,1.648,1.657,1.668,1.663,1.657,1.660,1.664,1.668,1.671,1.666,1.662,1.664,1.667,1.664,1.660,1.663,1.669,1.669,1.671,1.677,1.671,1.661,1.666,1.675,1.676,1.674,1.673,1.670,1.667,1.667,1.670,1.667,1.664,1.668,1.669,1.666,1.669,1.672,1.666,1.659,1.658,1.659,1.656,1.659,1.659,1.656,1.659,1.661,1.655,1.651,1.652,1.651,1.644,1.638,1.638,1.638,1.638,1.631,1.632,1.640,1.637,1.626,1.622,1.620,1.616,1.615,1.615,1.608,1.604,1.603,1.601,1.599,1.602,1.606,1.603,1.597,1.594,1.595,1.593,1.592,1.592,1.582,1.573,1.575,1.576,1.571,1.564,1.560,1.557,1.556,1.557,1.556,1.552,1.545,1.542,1.544,1.542,1.540,1.541,1.540,1.537,1.533,1.529,1.525,1.518,1.514,1.516,1.515,1.510,1.508,1.508,1.508,1.506,1.501,1.496,1.495,1.491,1.485,1.484,1.482,1.479,1.476,1.476,1.477,1.471,1.463,1.460,1.458,1.455,1.455,1.455,1.449,1.442,1.438,1.435,1.432,1.426,1.420,1.416,1.412,1.411,1.409,1.407,1.408,1.406,1.403,1.398,1.391,1.388,1.388,1.384,1.379,1.373,1.368,1.366,1.364,1.363,1.361,1.355,1.349,1.348,1.343,1.337,1.335,1.335,1.332,1.328,1.329,1.325,1.318,1.312,1.309,1.308,1.307,1.305,1.301,1.299,1.297,1.291,1.287,1.284,1.282,1.282,1.281,1.280,1.278,1.276,1.276,1.277,1.276,1.275,1.276,1.278,1.278,1.274,1.270,1.272,1.273,1.272,1.271,1.267,1.266,1.267,1.265,1.264,1.260,1.255,1.255,1.258,1.257,1.255,1.256,1.257,1.256,1.256,1.256,1.257,1.255,1.255,1.258,1.258,1.254,1.251,1.255,1.260,1.256,1.251,1.250,1.251,1.250,1.248,1.245,1.244,1.247,1.247,1.242,1.240,1.239,1.236,1.235,1.235,1.234,1.234,1.236,1.239,1.241,1.240,1.236,1.229,1.226,1.226,1.223,1.225,1.225,1.221,1.221,1.221,1.218,1.216,1.219,1.218,1.212,1.207,1.207,1.210,1.207,1.204,1.203,1.202,1.203,1.204,1.198,1.195,1.197,1.194,1.189,1.188,1.187,1.185,1.184,1.184,1.183,1.179,1.175,1.176,1.178,1.176,1.172,1.168,1.162,1.162,1.165,1.165,1.165,1.164,1.168,1.175,1.173,1.159,1.151,1.160,1.162,1.153,1.149,1.153,1.152,1.142,1.134,1.135,1.138,1.139,1.141,1.143,1.140,1.134,1.135,1.136,1.132,1.126,1.123,1.125,1.125,1.124,1.123,1.118,1.116,1.118,1.116,1.117,1.124,1.124,1.118,1.107,1.095,1.099,1.111,1.115,1.114,1.113,1.108,1.105,1.105,1.105,1.099,1.088,1.086,1.091,1.092,1.090,1.094,1.099,1.090,1.077,1.079,1.087,1.088,1.084,1.080,1.083,1.082,1.071,1.073,1.074,1.058,1.056,1.066,1.065,1.062,1.063,1.063,1.058,1.055,1.060,1.066,1.064,1.059,1.061,1.067,1.068,1.062,1.056,1.052,1.046,1.039,1.036,1.042,1.043,1.044,1.051,1.052,1.041,1.026,1.028,1.032,1.023,1.019,1.034,1.041,1.025,1.020,1.033,1.038,1.030,1.025,1.026,1.024,1.022,1.023,1.016,1.018,1.020,1.008,1.008,1.010,1.003,1.006,1.011,1.000,0.983,0.985,1.011,1.020,1.003,1.001,1.000
0.7,0.9,5.4,1.392,1.557,1.568,1.523,1.491,1.503,1.673,1.850,1.940,2.045,2.130,2.184,2.213,2.220,2.245,2.357,2.484,2.538,2.558,2.596,2.638,2.638,2.626,2.626,2.655,2.673,2.651,2.659,2.701,2.731,2.731,2.699,2.656,2.650,2.665,2.639,2.594,2.568,2.561,2.570,2.573,2.562,2.545,2.523,2.504,2.483,2.455,2.445,2.430,2.397,2.384,2.388,2.385,2.366,2.342,2.321,2.309,2.301,2.279,2.263,2.257,2.232,2.208,2.193,2.167,2.135,2.113,2.103,2.083,2.055,2.024,1.994,1.964,1.935,1.916,1.896,1.863,1.822,1.794,1.780,1.759,1.736,1.713,1.681,1.651,1.630,1.613,1.598,1.588,1.577,1.561,1.547,1.531,1.515,1.505,1.507,1.515,1.508,1.483,1.478,1.485,1.473,1.456,1.449,1.445,1.434,1.424,1.417,1.410,1.400,1.388,1.370,1.351,1.345,1.348,1.353,1.353,1.345,1.339,1.338,1.345,1.353,1.346,1.334,1.330,1.335,1.343,1.349,1.344,1.341,1.354,1.360,1.354,1.353,1.358,1.366,1.366,1.354,1.341,1.342,1.349,1.351,1.350,1.346,1.342,1.337,1.343,1.347,1.343,1.345,1.348,1.351,1.348,1.341,1.337,1.333,1.330,1.335,1.336,1.334,1.341,1.342,1.329,1.328,1.342,1.340,1.325,1.324,1.325,1.319,1.322,1.326,1.318,1.310,1.310,1.304,1.299,1.302,1.303,1.307,1.313,1.305,1.297,1.298,1.294,1.288,1.287,1.286,1.283,1.283,1.274,1.261,1.262,1.272,1.275,1.264,1.261,1.265,1.266,1.264,1.263,1.265,1.256,1.251,1.258,1.254,1.243,1.243,1.249,1.245,1.237,1.238,1.240,1.240,1.238,1.232,1.228,1.232,1.231,1.227,1.225,1.223,1.222,1.215,1.209,1.214,1.215,1.208,1.198,1.197,1.199,1.195,1.196,1.203,1.208,1.202,1.194,1.187,1.185,1.191,1.191,1.182,1.173,1.171,1.178,1.180,1.175,1.171,1.170,1.172,1.168,1.163,1.160,1.159,1.160,1.154,1.150,1.153,1.153,1.153,1.147,1.136,1.132,1.129,1.125,1.124,1.126,1.124,1.123,1.127,1.128,1.121,1.114,1.110,1.107,1.105,1.104,1.100,1.098,1.095,1.090,1.088,1.090,1.088,1.083,1.084,1.082,1.074,1.070,1.073,1.077,1.077,1.070,1.065,1.061,1.058,1.059,1.058,1.053,1.050,1.050,1.050,1.050,1.050,1.047,1.044,1.044,1.044,1.042,1.042,1.040,1.039,1.042,1.045,1.048,1.051,1.055,1.056,1.057,1.058,1.055,1.054,1.058,1.064,1.063,1.062,1.061,1.061,1.063,1.059,1.054,1.059,1.069,1.067,1.064,1.070,1.079,1.079,1.071,1.070,1.072,1.069,1.070,1.079,1.086,1.084,1.084,1.092,1.092,1.087,1.084,1.082,1.078,1.078,1.084,1.086,1.085,1.090,1.091,1.082,1.077,1.086,1.091,1.085,1.083,1.087,1.090,1.090,1.088,1.086,1.091,1.090,1.083,1.084,1.082,1.082,1.087,1.087,1.087,1.089,1.085,1.077,1.076,1.085,1.093,1.091,1.083,1.080,1.085,1.082,1.076,1.073,1.074,1.080,1.089,1.090,1.081,1.077,1.077,1.078,1.081,1.077,1.081,1.084,1.077,1.075,1.079,1.082,1.082,1.075,1.067,1.065,1.068,1.072,1.070,1.072,1.078,1.077,1.077,1.084,1.091,1.083,1.064,1.061,1.080,1.092,1.079,1.065,1.065,1.068,1.063,1.054,1.057,1.062,1.062,1.067,1.072,1.075,1.074,1.066,1.060,1.054,1.045,1.053,1.067,1.067,1.064,1.055,1.045,1.043,1.047,1.052,1.053,1.057,1.066,1.071,1.065,1.052,1.046,1.053,1.060,1.060,1.051,1.034,1.030,1.042,1.050,1.051,1.053,1.055,1.056,1.047,1.042,1.055,1.061,1.042,1.016,1.015,1.024,1.028,1.041,1.048,1.048,1.039,1.025,1.038,1.043,1.025,1.016,1.017,1.023,1.021,1.012,1.023,1.016,1.005,1.025,1.034,1.036,1.037,1.024,1.033,1.048,1.026,1.012,1.022,1.018,1.008,1.004,1.003,1.000,1.006,1.023,1.030,1.018,1.010,1.026,1.031,1.019,1.026,1.034,1.031,1.036,1.035,1.021,1.007,0.995,0.998,1.009,0.992,0.979,0.997,1.006,1.029,1.044,1.026,1.025,1.022,1.021,1.025,1.007,0.999,0.982,0.972,1.005,1.025,0.993,0.981,1.000
1,0.5,4.7,1.372,1.516,1.528,1.591,1.678,1.714,1.844,2.030,2.197,2.329,2.416,2.517,2.553,2.552,2.647,2.816,2.926,3.005,3.062,3.066,3.109,3.188,3.238,3.222,3.236,3.313,3.310,3.272,3.324,3.355,3.329,3.289,3.253,3.260,3.276,3.264,3.236,3.222,3.214,3.188,3.166,3.151,3.132,3.103,3.063,3.039,3.028,3.001,2.963,2.927,2.898,2.886,2.866,2.831,2.803,2.789,2.776,2.747,2.716,2.699,2.680,2.646,2.612,2.594,2.563,2.505,2.466,2.450,2.426,2.394,2.360,2.329,2.289,2.248,2.219,2.185,2.140,2.097,2.067,2.047,2.021,1.988,1.956,1.926,1.896,1.874,1.855,1.831,1.807,1.784,1.766,1.754,1.730,1.704,1.691,1.689,1.691,1.676,1.654,1.643,1.637,1.624,1.605,1.597,1.596,1.582,1.559,1.547,1.540,1.528,1.515,1.503,1.490,1.482,1.476,1.471,1.463,1.455,1.449,1.445,1.451,1.452,1.441,1.435,1.436,1.435,1.440,1.437,1.423,1.417,1.421,1.425,1.425,1.419,1.419,1.425,1.416,1.401,1.400,1.406,1.412,1.415,1.407,1.399,1.398,1.397,1.395,1.385,1.376,1.381,1.393,1.395,1.389,1.391,1.388,1.378,1.371,1.377,1.382,1.384,1.393,1.389,1.369,1.353,1.355,1.366,1.364,1.356,1.352,1.351,1.352,1.349,1.342,1.337,1.332,1.330,1.335,1.334,1.326,1.327,1.331,1.323,1.317,1.316,1.309,1.302,1.300,1.298,1.297,1.296,1.292,1.286,1.281,1.284,1.283,1.271,1.276,1.281,1.272,1.266,1.267,1.270,1.261,1.262,1.271,1.261,1.252,1.254,1.251,1.239,1.229,1.235,1.238,1.236,1.240,1.240,1.230,1.226,1.231,1.228,1.224,1.225,1.228,1.218,1.201,1.201,1.202,1.195,1.192,1.200,1.200,1.195,1.200,1.208,1.205,1.197,1.189,1.184,1.187,1.193,1.186,1.173,1.167,1.172,1.175,1.167,1.167,1.168,1.158,1.156,1.155,1.150,1.147,1.152,1.154,1.146,1.142,1.147,1.145,1.139,1.135,1.131,1.129,1.122,1.116,1.117,1.117,1.115,1.118,1.121,1.117,1.106,1.101,1.101,1.096,1.096,1.097,1.093,1.092,1.088,1.084,1.082,1.078,1.072,1.067,1.062,1.059,1.058,1.058,1.055,1.053,1.058,1.060,1.054,1.047,1.044,1.043,1.043,1.040,1.038,1.040,1.035,1.029,1.031,1.032,1.027,1.022,1.022,1.020,1.021,1.023,1.026,1.032,1.037,1.039,1.038,1.036,1.041,1.041,1.037,1.043,1.048,1.048,1.048,1.049,1.053,1.055,1.050,1.045,1.040,1.036,1.039,1.049,1.050,1.053,1.063,1.063,1.055,1.048,1.049,1.057,1.057,1.061,1.073,1.077,1.072,1.073,1.081,1.079,1.071,1.070,1.074,1.075,1.070,1.064,1.064,1.068,1.079,1.084,1.074,1.068,1.071,1.072,1.072,1.072,1.070,1.065,1.061,1.065,1.074,1.076,1.071,1.074,1.078,1.075,1.069,1.067,1.070,1.075,1.079,1.074,1.064,1.067,1.077,1.079,1.073,1.070,1.081,1.089,1.078,1.070,1.064,1.061,1.062,1.060,1.063,1.069,1.072,1.074,1.076,1.068,1.062,1.068,1.072,1.072,1.067,1.061,1.064,1.063,1.057,1.060,1.066,1.067,1.063,1.057,1.059,1.060,1.052,1.052,1.063,1.073,1.070,1.055,1.050,1.062,1.061,1.046,1.040,1.047,1.053,1.048,1.045,1.048,1.042,1.036,1.050,1.066,1.071,1.059,1.043,1.048,1.058,1.051,1.039,1.038,1.046,1.049,1.034,1.034,1.045,1.040,1.029,1.026,1.036,1.049,1.050,1.042,1.026,1.026,1.050,1.065,1.061,1.052,1.044,1.033,1.031,1.029,1.021,1.016,1.024,1.032,1.016,1.003,1.017,1.040,1.047,1.036,1.025,1.019,1.026,1.035,1.018,1.009,1.019,1.010,1.009,1.022,1.020,1.014,1.012,1.000,0.995,1.001,1.007,1.009,1.012,1.009,0.994,1.004,1.032,1.029,1.012,1.012,1.008,1.005,1.024,1.025,1.002,0.986,0.997,1.015,1.022,1.018,1.009,1.021,1.027,1.006,0.991,0.982,0.988,1.017,1.035,1.026,1.004,0.994,1.004,1.016,1.013,1.007,0.987,0.962,0.984,1.018,1.034,1.039,1.027,1.029,1.021,1.015,1.039,1.039,1.014,0.997,1.007,1.033,1.011,0.962,0.974,1.000
6,1,9.7,1.801,1.878,1.989,2.080,2.108,2.178,2.374,2.596,2.766,2.917,3.057,3.136,3.201,3.408,3.640,3.798,3.973,4.124,4.295,4.519,4.659,4.765,4.852,4.907,5.042,5.249,5.408,5.528,5.656,5.745,5.869,5.922,5.912,5.976,5.998,5.990,6.025,6.061,6.081,6.108,6.146,6.156,6.141,6.150,6.173,6.161,6.106,6.062,6.034,6.008,5.991,5.977,5.959,5.921,5.876,5.858,5.848,5.793,5.737,5.708,5.663,5.615,5.571,5.521,5.461,5.393,5.345,5.301,5.250,5.196,5.125,5.055,5.001,4.947,4.891,4.841,4.785,4.714,4.648,4.593,4.533,4.486,4.443,4.383,4.324,4.272,4.221,4.174,4.128,4.077,4.029,3.989,3.950,3.903,3.850,3.806,3.777,3.748,3.709,3.670,3.632,3.593,3.554,3.517,3.487,3.456,3.411,3.368,3.337,3.307,3.268,3.225,3.192,3.173,3.151,3.123,3.086,3.050,3.029,3.003,2.974,2.956,2.935,2.908,2.885,2.865,2.844,2.817,2.790,2.774,2.760,2.736,2.712,2.692,2.670,2.658,2.645,2.617,2.588,2.563,2.552,2.546,2.528,2.505,2.488,2.473,2.456,2.437,2.425,2.417,2.403,2.385,2.366,2.348,2.333,2.314,2.293,2.279,2.270,2.258,2.247,2.230,2.209,2.197,2.192,2.181,2.162,2.151,2.138,2.122,2.111,2.094,2.085,2.077,2.058,2.041,2.032,2.026,2.014,1.999,1.991,1.983,1.968,1.956,1.947,1.939,1.930,1.916,1.899,1.885,1.875,1.867,1.861,1.853,1.841,1.828,1.822,1.819,1.806,1.788,1.779,1.777,1.766,1.760,1.757,1.742,1.731,1.732,1.726,1.708,1.697,1.695,1.683,1.673,1.671,1.665,1.657,1.650,1.641,1.635,1.627,1.620,1.614,1.604,1.593,1.587,1.586,1.580,1.572,1.570,1.560,1.544,1.541,1.546,1.542,1.531,1.523,1.517,1.511,1.510,1.505,1.493,1.484,1.482,1.482,1.478,1.469,1.460,1.453,1.448,1.445,1.442,1.439,1.436,1.430,1.422,1.414,1.410,1.405,1.401,1.398,1.389,1.379,1.372,1.366,1.363,1.362,1.359,1.353,1.348,1.345,1.340,1.334,1.330,1.329,1.324,1.314,1.308,1.307,1.305,1.300,1.296,1.292,1.289,1.286,1.282,1.277,1.270,1.266,1.262,1.259,1.259,1.257,1.253,1.249,1.244,1.237,1.232,1.228,1.227,1.228,1.226,1.222,1.217,1.211,1.205,1.203,1.203,1.202,1.200,1.198,1.198,1.200,1.198,1.197,1.200,1.200,1.195,1.192,1.191,1.190,1.189,1.190,1.191,1.187,1.183,1.184,1.185,1.186,1.186,1.183,1.182,1.180,1.179,1.179,1.180,1.181,1.181,1.181,1.180,1.176,1.175,1.178,1.181,1.180,1.177,1.178,1.182,1.185,1.186,1.185,1.178,1.172,1.172,1.172,1.173,1.173,1.174,1.173,1.169,1.169,1.170,1.166,1.162,1.160,1.160,1.160,1.161,1.162,1.162,1.162,1.164,1.162,1.157,1.155,1.153,1.155,1.157,1.155,1.152,1.153,1.153,1.153,1.158,1.158,1.150,1.140,1.136,1.139,1.141,1.140,1.136,1.134,1.134,1.132,1.131,1.129,1.128,1.128,1.129,1.128,1.125,1.128,1.132,1.128,1.120,1.116,1.122,1.125,1.119,1.116,1.118,1.116,1.113,1.111,1.106,1.102,1.103,1.104,1.106,1.114,1.117,1.106,1.103,1.110,1.106,1.100,1.097,1.095,1.093,1.088,1.083,1.083,1.083,1.084,1.088,1.089,1.088,1.083,1.078,1.078,1.077,1.072,1.074,1.081,1.082,1.084,1.086,1.082,1.076,1.072,1.068,1.065,1.066,1.071,1.067,1.058,1.055,1.066,1.080,1.075,1.064,1.059,1.058,1.060,1.057,1.054,1.055,1.056,1.055,1.058,1.059,1.056,1.062,1.068,1.059,1.054,1.060,1.052,1.040,1.046,1.050,1.045,1.041,1.034,1.029,1.026,1.027,1.029,1.028,1.032,1.033,1.027,1.022,1.020,1.024,1.029,1.029,1.031,1.023,1.016,1.018,1.020,1.015,1.013,1.017,1.015,1.006,1.003,1.013,1.021,1.017,1.018,1.021,1.023,1.025,1.016,1.004,1.004,1.022,1.035,1.020,1.001,0.996,1.004,1.015,1.016,1.000,0.983,0.977,0.981,0.984,0.985,0.995,0.997,0.990,0.994,0.995,0.992,0.984,0.979,0.987,0.985,0.982,0.997,0.987,0.973,0.995,1.000
8.5,0.2,2.3,1.125,1.183,1.181,1.171,1.149,1.135,1.157,1.180,1.188,1.221,1.269,1.247,1.203,1.217,1.233,1.247,1.257,1.264,1.284,1.285,1.278,1.281,1.296,1.300,1.288,1.291,1.307,1.311,1.303,1.299,1.303,1.312,1.320,1.322,1.318,1.315,1.314,1.315,1.312,1.317,1.332,1.335,1.322,1.317,1.321,1.322,1.323,1.322,1.318,1.315,1.320,1.330,1.330,1.324,1.320,1.320,1.325,1.325,1.324,1.328,1.328,1.324,1.321,1.322,1.320,1.313,1.309,1.307,1.301,1.296,1.297,1.295,1.283,1.274,1.273,1.269,1.261,1.253,1.248,1.245,1.240,1.234,1.229,1.226,1.224,1.221,1.217,1.215,1.213,1.211,1.210,1.208,1.204,1.203,1.206,1.208,1.206,1.202,1.200,1.201,1.204,1.202,1.200,1.199,1.201,1.203,1.201,1.201,1.200,1.195,1.195,1.194,1.192,1.193,1.194,1.193,1.194,1.194,1.195,1.198,1.200,1.200,1.200,1.205,1.208,1.204,1.201,1.201,1.203,1.207,1.211,1.215,1.215,1.214,1.211,1.212,1.218,1.217,1.211,1.213,1.221,1.226,1.223,1.221,1.223,1.224,1.227,1.226,1.221,1.224,1.227,1.225,1.224,1.228,1.227,1.224,1.224,1.229,1.231,1.231,1.231,1.230,1.226,1.226,1.230,1.231,1.231,1.230,1.226,1.225,1.226,1.229,1.230,1.228,1.225,1.227,1.230,1.229,1.225,1.225,1.231,1.231,1.224,1.223,1.223,1.222,1.222,1.222,1.218,1.219,1.219,1.215,1.213,1.215,1.220,1.220,1.217,1.218,1.219,1.216,1.218,1.220,1.218,1.216,1.214,1.211,1.210,1.210,1.210,1.208,1.207,1.207,1.205,1.204,1.204,1.203,1.203,1.203,1.204,1.203,1.201,1.202,1.200,1.197,1.196,1.196,1.198,1.197,1.193,1.192,1.191,1.192,1.190,1.190,1.194,1.195,1.192,1.186,1.182,1.186,1.186,1.183,1.182,1.182,1.181,1.179,1.181,1.181,1.177,1.176,1.177,1.176,1.175,1.174,1.174,1.172,1.168,1.166,1.166,1.167,1.167,1.164,1.160,1.158,1.157,1.157,1.157,1.156,1.153,1.152,1.152,1.149,1.148,1.148,1.145,1.142,1.143,1.140,1.137,1.136,1.135,1.135,1.136,1.136,1.134,1.132,1.130,1.128,1.127,1.125,1.123,1.123,1.122,1.121,1.120,1.119,1.117,1.116,1.114,1.115,1.115,1.114,1.113,1.111,1.110,1.109,1.108,1.106,1.106,1.109,1.110,1.109,1.108,1.107,1.108,1.108,1.106,1.105,1.105,1.105,1.108,1.109,1.108,1.108,1.107,1.109,1.111,1.110,1.108,1.109,1.108,1.107,1.107,1.107,1.108,1.110,1.110,1.109,1.108,1.110,1.112,1.111,1.111,1.112,1.112,1.111,1.112,1.117,1.119,1.118,1.116,1.116,1.117,1.115,1.112,1.114,1.116,1.114,1.111,1.109,1.109,1.112,1.113,1.110,1.108,1.107,1.107,1.110,1.112,1.109,1.109,1.109,1.107,1.106,1.105,1.104,1.107,1.109,1.107,1.108,1.110,1.109,1.105,1.106,1.108,1.105,1.099,1.099,1.104,1.104,1.103,1.102,1.101,1.102,1.102,1.101,1.101,1.099,1.097,1.097,1.097,1.095,1.092,1.093,1.094,1.092,1.093,1.095,1.093,1.093,1.093,1.089,1.086,1.085,1.083,1.083,1.083,1.082,1.083,1.084,1.084,1.086,1.085,1.083,1.083,1.082,1.076,1.074,1.075,1.075,1.075,1.074,1.071,1.070,1.073,1.075,1.072,1.070,1.068,1.071,1.072,1.069,1.066,1.064,1.064,1.065,1.067,1.068,1.063,1.061,1.062,1.058,1.054,1.057,1.062,1.059,1.057,1.055,1.053,1.057,1.061,1.060,1.056,1.052,1.049,1.049,1.051,1.049,1.049,1.050,1.050,1.047,1.044,1.049,1.049,1.041,1.037,1.044,1.047,1.044,1.046,1.044,1.042,1.045,1.045,1.045,1.041,1.032,1.030,1.033,1.033,1.023,1.017,1.023,1.022,1.019,1.025,1.030,1.033,1.028,1.022,1.020,1.019,1.018,1.016,1.016,1.015,1.019,1.022,1.022,1.021,1.023,1.022,1.014,1.010,1.014,1.026,1.025,1.012,1.013,1.023,1.017,1.009,1.016,1.016,1.008,1.005,1.000,0.987,0.979,0.991,1.005,1.004,1.009,1.010,1.001,1.002,1.007,1.002,0.994,0.994,1.001,0.999,0.987,0.993,1.007,0.994,0.987,1.000
3.5,0.7,7.2,1.633,1.790,1.909,1.977,2.038,2.130,2.255,2.396,2.571,2.807,2.975,3.023,3.184,3.402,3.531,3.707,3.897,4.112,4.342,4.403,4.435,4.499,4.507,4.520,4.622,4.789,4.911,4.959,4.981,5.023,5.107,5.149,5.135,5.128,5.120,5.127,5.152,5.144,5.102,5.096,5.112,5.071,5.027,5.024,5.031,5.006,4.955,4.911,4.858,4.797,4.757,4.732,4.709,4.683,4.637,4.594,4.569,4.526,4.471,4.435,4.395,4.339,4.290,4.256,4.212,4.156,4.108,4.066,4.022,3.970,3.916,3.868,3.817,3.755,3.696,3.643,3.592,3.540,3.488,3.445,3.408,3.368,3.321,3.277,3.237,3.189,3.143,3.109,3.074,3.029,2.987,2.953,2.924,2.898,2.873,2.841,2.808,2.780,2.750,2.723,2.705,2.686,2.659,2.633,2.607,2.575,2.551,2.531,2.507,2.483,2.464,2.441,2.407,2.383,2.368,2.352,2.329,2.305,2.294,2.284,2.272,2.254,2.230,2.215,2.204,2.188,2.172,2.164,2.157,2.141,2.129,2.120,2.098,2.079,2.070,2.064,2.055,2.044,2.031,2.018,2.011,2.006,1.999,1.990,1.979,1.964,1.948,1.940,1.933,1.923,1.915,1.909,1.902,1.894,1.883,1.865,1.851,1.849,1.847,1.834,1.824,1.823,1.812,1.796,1.791,1.793,1.788,1.779,1.766,1.750,1.742,1.737,1.731,1.724,1.711,1.703,1.705,1.698,1.684,1.679,1.677,1.668,1.662,1.653,1.639,1.631,1.627,1.622,1.619,1.618,1.608,1.598,1.594,1.589,1.582,1.575,1.571,1.568,1.561,1.548,1.536,1.532,1.527,1.523,1.521,1.510,1.500,1.502,1.502,1.496,1.492,1.488,1.483,1.481,1.476,1.470,1.464,1.460,1.454,1.446,1.443,1.450,1.453,1.443,1.431,1.427,1.421,1.414,1.407,1.403,1.401,1.397,1.393,1.387,1.381,1.381,1.382,1.374,1.367,1.366,1.361,1.352,1.345,1.346,1.352,1.347,1.339,1.338,1.334,1.328,1.320,1.315,1.315,1.316,1.317,1.314,1.305,1.301,1.299,1.294,1.289,1.282,1.280,1.276,1.270,1.264,1.258,1.258,1.260,1.260,1.255,1.246,1.243,1.242,1.236,1.231,1.226,1.221,1.220,1.218,1.211,1.208,1.206,1.202,1.201,1.200,1.192,1.184,1.185,1.186,1.185,1.185,1.181,1.177,1.174,1.171,1.169,1.166,1.163,1.160,1.154,1.151,1.150,1.147,1.142,1.140,1.143,1.144,1.141,1.142,1.140,1.134,1.134,1.137,1.139,1.137,1.138,1.139,1.137,1.139,1.140,1.137,1.138,1.140,1.138,1.139,1.143,1.140,1.137,1.132,1.131,1.134,1.138,1.139,1.138,1.138,1.136,1.134,1.134,1.135,1.138,1.138,1.135,1.136,1.138,1.135,1.137,1.145,1.149,1.147,1.144,1.145,1.146,1.141,1.136,1.139,1.142,1.145,1.145,1.139,1.137,1.140,1.138,1.135,1.133,1.129,1.130,1.132,1.130,1.130,1.129,1.125,1.122,1.122,1.124,1.126,1.127,1.128,1.132,1.132,1.131,1.132,1.129,1.127,1.129,1.123,1.114,1.115,1.121,1.119,1.116,1.116,1.119,1.122,1.121,1.117,1.114,1.112,1.117,1.120,1.116,1.113,1.115,1.114,1.111,1.110,1.108,1.102,1.098,1.099,1.099,1.102,1.106,1.104,1.096,1.090,1.097,1.102,1.098,1.101,1.110,1.110,1.100,1.094,1.097,1.096,1.088,1.084,1.084,1.083,1.078,1.073,1.080,1.083,1.079,1.081,1.083,1.082,1.075,1.071,1.079,1.080,1.073,1.072,1.073,1.075,1.079,1.078,1.078,1.077,1.074,1.077,1.073,1.067,1.071,1.073,1.066,1.058,1.052,1.059,1.068,1.067,1.064,1.060,1.057,1.060,1.067,1.067,1.062,1.061,1.063,1.056,1.048,1.056,1.059,1.054,1.054,1.056,1.050,1.042,1.038,1.034,1.036,1.036,1.030,1.031,1.034,1.035,1.043,1.044,1.032,1.024,1.030,1.029,1.021,1.031,1.034,1.022,1.029,1.039,1.035,1.030,1.031,1.032,1.025,1.012,1.001,0.997,1.004,1.013,1.008,1.004,1.013,1.023,1.026,1.021,1.015,1.012,1.000,1.001,1.019,1.025,1.027,1.024,1.017,1.010,0.997,0.992,0.995,0.987,0.986,1.002,1.006,1.005,1.006,0.997,0.993,1.005,1.016,1.018,1.006,0.990,0.992,0.997,1.009,1.008,0.985,0.992,1.000
4.7,0.1,8.5,1.315,1.396,1.512,1.573,1.594,1.596,1.598,1.663,1.780,1.891,1.967,2.023,2.079,2.139,2.200,2.271,2.304,2.328,2.414,2.443,2.415,2.448,2.505,2.533,2.556,2.595,2.616,2.617,2.636,2.661,2.676,2.663,2.647,2.658,2.670,2.681,2.676,2.656,2.643,2.645,2.652,2.647,2.640,2.635,2.622,2.605,2.601,2.600,2.581,2.554,2.543,2.551,2.554,2.538,2.519,2.518,2.514,2.499,2.489,2.475,2.458,2.446,2.434,2.417,2.399,2.386,2.376,2.363,2.346,2.328,2.309,2.294,2.280,2.264,2.247,2.228,2.210,2.193,2.175,2.154,2.132,2.118,2.109,2.097,2.081,2.065,2.051,2.037,2.025,2.015,2.006,1.995,1.982,1.970,1.962,1.952,1.940,1.931,1.926,1.916,1.906,1.898,1.892,1.888,1.883,1.871,1.853,1.843,1.841,1.835,1.824,1.809,1.796,1.789,1.786,1.783,1.775,1.766,1.763,1.759,1.753,1.745,1.737,1.733,1.727,1.722,1.717,1.711,1.706,1.703,1.703,1.703,1.696,1.688,1.682,1.676,1.669,1.659,1.656,1.656,1.651,1.647,1.645,1.640,1.635,1.632,1.626,1.619,1.617,1.614,1.609,1.606,1.604,1.600,1.597,1.592,1.584,1.579,1.574,1.571,1.572,1.571,1.565,1.557,1.553,1.550,1.545,1.541,1.534,1.528,1.526,1.523,1.519,1.516,1.510,1.506,1.503,1.498,1.491,1.487,1.489,1.488,1.480,1.476,1.473,1.467,1.461,1.458,1.458,1.457,1.452,1.444,1.439,1.435,1.431,1.422,1.420,1.424,1.422,1.415,1.412,1.411,1.410,1.407,1.401,1.395,1.391,1.388,1.384,1.379,1.378,1.380,1.378,1.374,1.371,1.365,1.359,1.359,1.360,1.356,1.351,1.349,1.346,1.340,1.335,1.335,1.334,1.327,1.322,1.323,1.321,1.315,1.313,1.313,1.313,1.310,1.306,1.300,1.296,1.297,1.293,1.286,1.286,1.287,1.285,1.283,1.280,1.275,1.271,1.272,1.271,1.266,1.260,1.259,1.257,1.254,1.253,1.249,1.245,1.244,1.242,1.237,1.237,1.236,1.231,1.226,1.225,1.225,1.224,1.222,1.220,1.216,1.211,1.208,1.207,1.207,1.204,1.201,1.199,1.195,1.188,1.185,1.186,1.185,1.183,1.183,1.180,1.176,1.174,1.171,1.170,1.170,1.166,1.162,1.160,1.161,1.160,1.158,1.156,1.155,1.152,1.150,1.149,1.148,1.144,1.141,1.142,1.141,1.138,1.136,1.136,1.138,1.140,1.140,1.140,1.138,1.133,1.132,1.133,1.133,1.132,1.132,1.133,1.134,1.132,1.131,1.131,1.129,1.129,1.129,1.129,1.130,1.129,1.128,1.130,1.131,1.130,1.130,1.129,1.129,1.131,1.130,1.127,1.127,1.128,1.128,1.129,1.132,1.132,1.130,1.130,1.131,1.131,1.128,1.125,1.126,1.128,1.128,1.126,1.125,1.125,1.124,1.123,1.121,1.121,1.120,1.118,1.117,1.118,1.120,1.121,1.119,1.115,1.115,1.114,1.113,1.116,1.118,1.116,1.115,1.115,1.116,1.115,1.116,1.116,1.111,1.107,1.109,1.113,1.110,1.105,1.103,1.106,1.111,1.111,1.107,1.105,1.105,1.103,1.101,1.100,1.103,1.103,1.103,1.105,1.104,1.099,1.097,1.096,1.095,1.095,1.096,1.095,1.090,1.084,1.086,1.088,1.087,1.088,1.092,1.095,1.093,1.084,1.079,1.082,1.086,1.086,1.084,1.081,1.081,1.082,1.079,1.075,1.075,1.075,1.076,1.077,1.073,1.071,1.074,1.078,1.076,1.071,1.068,1.067,1.071,1.074,1.071,1.070,1.069,1.066,1.063,1.060,1.065,1.068,1.064,1.060,1.057,1.052,1.056,1.064,1.064,1.058,1.055,1.052,1.048,1.050,1.055,1.058,1.057,1.056,1.056,1.057,1.059,1.057,1.053,1.053,1.051,1.048,1.047,1.046,1.043,1.040,1.040,1.038,1.035,1.034,1.031,1.032,1.038,1.040,1.035,1.031,1.031,1.028,1.028,1.035,1.037,1.037,1.038,1.035,1.028,1.026,1.024,1.023,1.023,1.019,1.016,1.017,1.019,1.024,1.028,1.026,1.024,1.026,1.018,1.010,1.009,1.014,1.023,1.022,1.014,1.021,1.021,1.008,1.012,1.019,1.013,1.014,1.014,1.007,1.012,1.015,1.016,1.018,1.008,1.006,1.013,1.011,1.015,1.014,1.008,1.007,1.003,1.011,1.020,1.005,0.997,1.000
9.7,0.6,3.5,1.433,1.579,1.680,1.737,1.714,1.664,1.714,1.796,1.855,1.886,1.932,1.916,1.890,1.949,2.020,2.073,2.071,2.073,2.133,2.172,2.186,2.191,2.192,2.205,2.210,2.226,2.248,2.269,2.300,2.303,2.300,2.298,2.292,2.303,2.319,2.316,2.303,2.316,2.322,2.315,2.320,2.319,2.318,2.325,2.328,2.325,2.324,2.328,2.321,2.312,2.316,2.322,2.327,2.327,2.320,2.317,2.319,2.323,2.326,2.321,2.313,2.312,2.320,2.321,2.305,2.288,2.286,2.287,2.286,2.281,2.272,2.265,2.260,2.254,2.249,2.243,2.235,2.224,2.218,2.213,2.201,2.196,2.197,2.190,2.181,2.172,2.165,2.163,2.159,2.149,2.141,2.140,2.140,2.137,2.132,2.130,2.133,2.134,2.129,2.122,2.115,2.111,2.108,2.104,2.099,2.093,2.092,2.093,2.088,2.085,2.083,2.078,2.075,2.076,2.072,2.065,2.062,2.062,2.062,2.055,2.047,2.048,2.048,2.043,2.037,2.037,2.040,2.039,2.032,2.026,2.028,2.030,2.030,2.026,2.021,2.016,2.014,2.015,2.014,2.013,2.010,2.003,2.003,2.008,2.007,2.000,1.996,1.990,1.986,1.991,1.986,1.976,1.978,1.980,1.975,1.971,1.966,1.965,1.964,1.957,1.954,1.954,1.952,1.949,1.947,1.941,1.934,1.931,1.931,1.926,1.920,1.920,1.918,1.911,1.907,1.905,1.902,1.896,1.889,1.886,1.885,1.881,1.873,1.869,1.868,1.863,1.864,1.865,1.858,1.851,1.848,1.843,1.837,1.837,1.837,1.827,1.820,1.821,1.820,1.812,1.807,1.810,1.810,1.806,1.802,1.797,1.792,1.788,1.786,1.780,1.771,1.767,1.765,1.762,1.763,1.759,1.753,1.750,1.745,1.739,1.734,1.731,1.731,1.728,1.720,1.715,1.713,1.708,1.703,1.701,1.696,1.691,1.689,1.691,1.690,1.682,1.675,1.673,1.671,1.667,1.662,1.656,1.651,1.648,1.647,1.643,1.635,1.630,1.627,1.626,1.624,1.616,1.610,1.609,1.607,1.604,1.601,1.594,1.587,1.583,1.581,1.577,1.573,1.569,1.565,1.561,1.559,1.559,1.557,1.553,1.547,1.540,1.535,1.534,1.530,1.525,1.518,1.514,1.513,1.509,1.504,1.502,1.501,1.496,1.490,1.486,1.482,1.477,1.473,1.469,1.466,1.464,1.461,1.457,1.454,1.450,1.445,1.441,1.437,1.436,1.437,1.434,1.428,1.423,1.419,1.415,1.415,1.413,1.409,1.406,1.404,1.401,1.399,1.398,1.397,1.394,1.390,1.388,1.387,1.383,1.379,1.379,1.379,1.378,1.376,1.374,1.373,1.371,1.370,1.366,1.359,1.357,1.357,1.355,1.354,1.352,1.349,1.349,1.347,1.345,1.345,1.343,1.339,1.337,1.339,1.338,1.334,1.333,1.334,1.333,1.332,1.330,1.327,1.323,1.319,1.318,1.317,1.315,1.315,1.314,1.311,1.309,1.306,1.304,1.303,1.301,1.298,1.294,1.293,1.292,1.291,1.289,1.287,1.282,1.278,1.279,1.278,1.277,1.279,1.278,1.274,1.268,1.264,1.264,1.265,1.262,1.257,1.256,1.258,1.256,1.254,1.252,1.248,1.244,1.243,1.243,1.239,1.236,1.235,1.235,1.234,1.235,1.233,1.227,1.223,1.222,1.220,1.219,1.217,1.212,1.208,1.210,1.211,1.207,1.203,1.201,1.199,1.199,1.199,1.198,1.197,1.194,1.190,1.189,1.188,1.185,1.182,1.180,1.182,1.180,1.172,1.169,1.171,1.169,1.163,1.162,1.164,1.163,1.160,1.158,1.155,1.154,1.151,1.148,1.149,1.148,1.147,1.147,1.147,1.143,1.138,1.138,1.138,1.138,1.136,1.130,1.125,1.125,1.124,1.127,1.131,1.127,1.120,1.116,1.120,1.122,1.116,1.111,1.112,1.114,1.114,1.110,1.108,1.109,1.108,1.107,1.107,1.107,1.104,1.097,1.099,1.104,1.104,1.098,1.091,1.090,1.092,1.090,1.086,1.083,1.084,1.084,1.082,1.079,1.074,1.071,1.073,1.080,1.084,1.078,1.071,1.067,1.066,1.062,1.057,1.059,1.055,1.049,1.050,1.053,1.048,1.045,1.050,1.056,1.054,1.037,1.027,1.029,1.033,1.042,1.049,1.047,1.040,1.038,1.038,1.042,1.042,1.031,1.025,1.026,1.026,1.028,1.025,1.023,1.023,1.023,1.030,1.033,1.030,1.025,1.021,1.023,1.015,1.004,1.018,1.029,1.011,1.001,1.000
7.2,0.4,6,1.145,1.258,1.288,1.309,1.407,1.379,1.303,1.316,1.346,1.328,1.297,1.317,1.349,1.353,1.329,1.335,1.355,1.358,1.362,1.348,1.351,1.401,1.437,1.403,1.368,1.400,1.439,1.439,1.436,1.458,1.486,1.480,1.458,1.457,1.469,1.467,1.459,1.456,1.455,1.452,1.456,1.472,1.473,1.457,1.459,1.470,1.466,1.457,1.455,1.446,1.442,1.460,1.474,1.475,1.468,1.466,1.475,1.475,1.468,1.466,1.468,1.472,1.471,1.467,1.459,1.443,1.437,1.436,1.429,1.418,1.410,1.405,1.394,1.380,1.373,1.364,1.348,1.330,1.317,1.311,1.304,1.293,1.284,1.276,1.266,1.259,1.255,1.250,1.243,1.235,1.228,1.231,1.231,1.223,1.221,1.222,1.225,1.229,1.225,1.227,1.234,1.228,1.217,1.216,1.222,1.225,1.219,1.213,1.209,1.209,1.214,1.209,1.200,1.196,1.195,1.194,1.195,1.198,1.202,1.201,1.204,1.211,1.209,1.206,1.208,1.213,1.216,1.222,1.229,1.229,1.230,1.236,1.235,1.229,1.233,1.241,1.242,1.239,1.236,1.239,1.252,1.258,1.255,1.260,1.266,1.261,1.257,1.255,1.258,1.265,1.267,1.268,1.271,1.272,1.268,1.263,1.259,1.262,1.267,1.268,1.272,1.274,1.264,1.256,1.264,1.266,1.260,1.259,1.258,1.256,1.255,1.258,1.265,1.266,1.258,1.256,1.259,1.260,1.258,1.256,1.259,1.261,1.259,1.258,1.257,1.252,1.252,1.255,1.249,1.244,1.242,1.238,1.233,1.234,1.236,1.233,1.232,1.239,1.243,1.237,1.231,1.235,1.232,1.229,1.235,1.231,1.226,1.228,1.229,1.228,1.230,1.232,1.226,1.221,1.223,1.219,1.210,1.210,1.216,1.214,1.211,1.212,1.210,1.205,1.200,1.200,1.202,1.201,1.197,1.197,1.194,1.190,1.190,1.192,1.192,1.188,1.184,1.185,1.185,1.184,1.181,1.175,1.175,1.177,1.179,1.177,1.173,1.171,1.166,1.165,1.164,1.162,1.165,1.166,1.163,1.157,1.153,1.152,1.149,1.148,1.147,1.145,1.143,1.138,1.135,1.132,1.129,1.132,1.133,1.130,1.124,1.122,1.121,1.119,1.117,1.118,1.117,1.113,1.109,1.106,1.106,1.105,1.102,1.098,1.097,1.095,1.090,1.086,1.082,1.080,1.083,1.086,1.082,1.078,1.076,1.073,1.073,1.070,1.067,1.066,1.067,1.065,1.062,1.061,1.062,1.063,1.061,1.055,1.051,1.054,1.057,1.055,1.056,1.057,1.056,1.057,1.058,1.060,1.059,1.060,1.067,1.068,1.064,1.063,1.063,1.064,1.065,1.066,1.066,1.061,1.056,1.058,1.062,1.066,1.070,1.072,1.072,1.071,1.071,1.070,1.071,1.070,1.069,1.075,1.076,1.074,1.076,1.082,1.087,1.087,1.086,1.086,1.085,1.080,1.074,1.072,1.078,1.084,1.083,1.077,1.071,1.073,1.081,1.081,1.079,1.078,1.077,1.080,1.082,1.081,1.082,1.080,1.075,1.074,1.075,1.079,1.081,1.081,1.082,1.084,1.083,1.080,1.078,1.079,1.076,1.072,1.071,1.072,1.073,1.073,1.074,1.072,1.070,1.067,1.062,1.066,1.070,1.071,1.074,1.072,1.070,1.072,1.071,1.068,1.069,1.067,1.062,1.060,1.062,1.063,1.064,1.062,1.060,1.061,1.055,1.050,1.055,1.061,1.063,1.067,1.070,1.068,1.060,1.058,1.063,1.063,1.054,1.051,1.057,1.063,1.064,1.052,1.042,1.041,1.045,1.052,1.055,1.053,1.052,1.047,1.042,1.041,1.039,1.040,1.048,1.051,1.047,1.042,1.041,1.047,1.046,1.037,1.033,1.037,1.040,1.037,1.031,1.025,1.029,1.038,1.041,1.041,1.040,1.038,1.032,1.026,1.029,1.025,1.018,1.025,1.034,1.033,1.027,1.029,1.035,1.031,1.023,1.027,1.030,1.024,1.025,1.014,1.002,1.006,1.004,1.009,1.023,1.018,1.011,1.009,1.005,1.007,1.006,1.012,1.018,1.014,1.010,1.000,0.996,1.003,1.003,1.005,1.016,1.013,1.009,1.016,1.015,1.011,1.005,0.999,1.002,1.001,0.993,0.993,0.995,0.986,0.984,0.992,0.991,0.998,1.016,1.020,1.015,1.002,0.996,0.991,0.974,0.978,0.999,0.999,0.982,0.983,0.989,0.991,1.003,1.005,0.998,0.999,1.005,1.002,1.004,1.006,0.982,0.976,1.012,1.024,0.990,0.981,1.000
2.3,0.8,1,1.533,1.583,1.714,1.791,1.749,1.710,1.784,1.857,1.860,1.917,1.998,2.025,2.090,2.164,2.219,2.274,2.274,2.262,2.278,2.285,2.308,2.374,2.395,2.396,2.435,2.469,2.468,2.439,2.441,2.467,2.488,2.486,2.475,2.488,2.515,2.523,2.504,2.489,2.491,2.503,2.509,2.498,2.491,2.495,2.496,2.497,2.501,2.499,2.481,2.461,2.458,2.465,2.470,2.464,2.455,2.455,2.462,2.461,2.450,2.440,2.431,2.421,2.416,2.413,2.403,2.384,2.365,2.357,2.351,2.339,2.321,2.301,2.286,2.269,2.254,2.240,2.221,2.202,2.189,2.178,2.160,2.142,2.129,2.116,2.100,2.083,2.077,2.071,2.058,2.047,2.037,2.028,2.023,2.017,2.012,2.007,2.000,1.993,1.982,1.978,1.981,1.973,1.960,1.958,1.956,1.948,1.934,1.924,1.922,1.920,1.915,1.905,1.898,1.896,1.890,1.886,1.878,1.871,1.875,1.872,1.862,1.863,1.862,1.859,1.864,1.863,1.849,1.837,1.839,1.841,1.836,1.837,1.845,1.845,1.835,1.830,1.828,1.820,1.814,1.813,1.817,1.817,1.809,1.804,1.799,1.792,1.787,1.788,1.786,1.784,1.780,1.772,1.773,1.779,1.778,1.768,1.759,1.758,1.755,1.746,1.748,1.751,1.739,1.728,1.730,1.731,1.727,1.724,1.720,1.712,1.709,1.704,1.693,1.689,1.691,1.684,1.676,1.673,1.670,1.668,1.669,1.664,1.655,1.649,1.647,1.642,1.633,1.630,1.633,1.633,1.624,1.617,1.613,1.609,1.605,1.597,1.589,1.588,1.592,1.586,1.576,1.573,1.572,1.573,1.569,1.554,1.542,1.537,1.538,1.536,1.528,1.524,1.523,1.522,1.521,1.518,1.512,1.508,1.506,1.500,1.494,1.492,1.488,1.481,1.477,1.475,1.471,1.463,1.458,1.464,1.462,1.451,1.447,1.445,1.442,1.437,1.432,1.430,1.426,1.425,1.419,1.410,1.403,1.399,1.401,1.400,1.394,1.390,1.386,1.381,1.377,1.373,1.369,1.364,1.363,1.360,1.353,1.348,1.348,1.349,1.344,1.335,1.330,1.326,1.322,1.315,1.309,1.307,1.306,1.305,1.302,1.295,1.289,1.287,1.286,1.280,1.272,1.269,1.269,1.263,1.257,1.256,1.252,1.247,1.245,1.245,1.241,1.236,1.230,1.225,1.225,1.226,1.222,1.216,1.212,1.208,1.204,1.201,1.198,1.196,1.197,1.194,1.189,1.185,1.182,1.182,1.181,1.177,1.173,1.169,1.166,1.168,1.170,1.170,1.172,1.175,1.175,1.172,1.167,1.165,1.169,1.170,1.170,1.169,1.164,1.162,1.166,1.165,1.162,1.155,1.152,1.156,1.162,1.159,1.154,1.154,1.157,1.158,1.155,1.157,1.160,1.158,1.155,1.154,1.155,1.153,1.155,1.163,1.168,1.169,1.167,1.162,1.161,1.156,1.149,1.153,1.154,1.152,1.154,1.153,1.147,1.146,1.146,1.142,1.138,1.139,1.142,1.151,1.154,1.148,1.145,1.143,1.140,1.136,1.130,1.126,1.129,1.133,1.138,1.139,1.136,1.130,1.126,1.129,1.132,1.130,1.125,1.128,1.132,1.127,1.120,1.119,1.122,1.122,1.119,1.118,1.118,1.116,1.109,1.103,1.105,1.108,1.109,1.108,1.109,1.109,1.102,1.098,1.101,1.099,1.093,1.091,1.090,1.093,1.089,1.083,1.088,1.092,1.093,1.097,1.100,1.097,1.085,1.079,1.081,1.080,1.080,1.082,1.080,1.084,1.083,1.071,1.067,1.069,1.067,1.064,1.065,1.067,1.063,1.057,1.059,1.065,1.059,1.056,1.063,1.062,1.060,1.062,1.057,1.055,1.056,1.050,1.044,1.050,1.056,1.055,1.050,1.042,1.034,1.039,1.054,1.060,1.053,1.048,1.045,1.039,1.032,1.033,1.037,1.043,1.047,1.040,1.035,1.040,1.040,1.034,1.032,1.032,1.034,1.036,1.033,1.030,1.032,1.029,1.021,1.020,1.019,1.012,1.017,1.026,1.018,1.006,1.010,1.018,1.010,1.004,1.007,1.010,1.018,1.018,1.005,1.001,1.016,1.020,1.004,0.999,0.998,0.993,0.993,0.989,0.981,0.989,0.998,1.007,1.014,0.999,0.996,0.994,0.977,0.983,0.999,0.996,0.990,0.992,0.991,0.997,1.005,0.999,0.986,0.973,0.972,0.985,0.979,0.983,1.000,0.989,0.978,0.985,1.001,1.022,1.021,0.999,0.985,0.983,0.982,0.971,0.966,0.996,1.000
1.6,0.2,5.4,1.613,1.649,1.684,1.775,1.893,2.062,2.279,2.428,2.490,2.568,2.683,2.764,2.794,2.898,3.056,3.207,3.360,3.482,3.584,3.670,3.710,3.730,3.764,3.791,3.865,3.971,3.988,3.977,4.013,4.025,4.047,4.047,4.006,4.002,3.999,3.979,3.953,3.915,3.885,3.868,3.863,3.853,3.829,3.791,3.753,3.731,3.711,3.697,3.678,3.629,3.586,3.569,3.548,3.514,3.477,3.441,3.417,3.393,3.359,3.326,3.292,3.253,3.220,3.198,3.167,3.111,3.064,3.030,2.998,2.971,2.932,2.882,2.834,2.790,2.755,2.714,2.665,2.619,2.580,2.547,2.507,2.468,2.432,2.392,2.359,2.336,2.308,2.276,2.251,2.220,2.190,2.176,2.152,2.117,2.096,2.088,2.081,2.059,2.038,2.027,2.009,1.990,1.974,1.959,1.952,1.945,1.927,1.906,1.889,1.878,1.864,1.832,1.804,1.799,1.799,1.791,1.780,1.768,1.760,1.752,1.749,1.738,1.725,1.729,1.729,1.713,1.701,1.698,1.699,1.694,1.695,1.703,1.697,1.685,1.681,1.683,1.676,1.661,1.653,1.652,1.651,1.656,1.660,1.652,1.641,1.634,1.631,1.621,1.609,1.608,1.604,1.598,1.595,1.595,1.593,1.578,1.570,1.572,1.568,1.570,1.580,1.576,1.558,1.550,1.559,1.561,1.543,1.532,1.535,1.528,1.516,1.513,1.514,1.507,1.500,1.503,1.504,1.490,1.475,1.478,1.484,1.480,1.478,1.476,1.470,1.454,1.444,1.450,1.456,1.454,1.446,1.441,1.434,1.423,1.418,1.418,1.419,1.423,1.415,1.398,1.391,1.395,1.395,1.392,1.391,1.384,1.375,1.372,1.375,1.368,1.361,1.365,1.366,1.363,1.356,1.347,1.344,1.343,1.345,1.342,1.335,1.337,1.340,1.334,1.326,1.323,1.320,1.313,1.309,1.308,1.302,1.300,1.301,1.301,1.303,1.299,1.296,1.296,1.289,1.288,1.286,1.278,1.273,1.270,1.270,1.265,1.255,1.253,1.254,1.253,1.250,1.245,1.241,1.237,1.238,1.239,1.236,1.231,1.223,1.222,1.219,1.213,1.212,1.209,1.202,1.195,1.193,1.195,1.193,1.191,1.191,1.188,1.181,1.176,1.167,1.164,1.166,1.163,1.162,1.160,1.154,1.150,1.150,1.148,1.145,1.147,1.144,1.139,1.138,1.131,1.124,1.124,1.125,1.125,1.119,1.113,1.111,1.107,1.106,1.108,1.111,1.107,1.097,1.091,1.085,1.078,1.080,1.085,1.085,1.086,1.087,1.088,1.088,1.086,1.088,1.090,1.088,1.090,1.090,1.089,1.091,1.096,1.103,1.106,1.106,1.108,1.106,1.100,1.103,1.102,1.098,1.102,1.105,1.104,1.104,1.105,1.105,1.103,1.101,1.103,1.105,1.104,1.108,1.115,1.115,1.112,1.116,1.123,1.126,1.129,1.126,1.119,1.120,1.119,1.116,1.118,1.124,1.128,1.124,1.122,1.119,1.116,1.119,1.121,1.121,1.116,1.110,1.114,1.119,1.120,1.122,1.119,1.115,1.117,1.117,1.116,1.117,1.118,1.114,1.111,1.111,1.111,1.109,1.115,1.125,1.123,1.115,1.115,1.114,1.107,1.106,1.108,1.106,1.103,1.105,1.110,1.108,1.107,1.110,1.108,1.106,1.106,1.105,1.111,1.109,1.101,1.100,1.102,1.097,1.095,1.100,1.101,1.100,1.100,1.095,1.090,1.095,1.098,1.098,1.104,1.104,1.099,1.098,1.100,1.097,1.089,1.084,1.085,1.088,1.092,1.093,1.089,1.091,1.088,1.076,1.084,1.091,1.079,1.075,1.078,1.080,1.082,1.074,1.071,1.084,1.090,1.093,1.094,1.079,1.072,1.078,1.072,1.062,1.072,1.079,1.075,1.069,1.060,1.066,1.088,1.091,1.073,1.061,1.058,1.054,1.054,1.054,1.048,1.047,1.054,1.062,1.063,1.062,1.063,1.066,1.060,1.047,1.044,1.047,1.050,1.058,1.062,1.053,1.032,1.016,1.026,1.045,1.042,1.037,1.038,1.029,1.019,1.018,1.024,1.022,1.020,1.028,1.032,1.039,1.049,1.046,1.044,1.055,1.048,1.037,1.034,1.019,1.006,1.003,1.024,1.034,1.030,1.043,1.052,1.038,1.021,1.013,1.000,0.997,1.025,1.060,1.053,1.032,1.030,1.024,1.018,1.018,1.019,1.032,1.033,1.017,1.025,1.033,1.030,1.041,1.026,1.016,1.036,1.039,1.037,1.011,0.962,0.952,0.986,1.021,1.008,0.967,0.981,1.000
6.6,0.7,0.4,1.356,1.444,1.491,1.485,1.466,1.475,1.556,1.605,1.550,1.559,1.605,1.575,1.585,1.629,1.630,1.680,1.733,1.744,1.781,1.786,1.744,1.741,1.777,1.779,1.761,1.796,1.815,1.792,1.803,1.823,1.841,1.843,1.828,1.819,1.819,1.822,1.823,1.823,1.825,1.832,1.846,1.845,1.842,1.854,1.855,1.845,1.834,1.834,1.830,1.816,1.818,1.835,1.844,1.838,1.833,1.837,1.837,1.836,1.829,1.821,1.822,1.825,1.824,1.820,1.813,1.798,1.781,1.769,1.763,1.755,1.745,1.738,1.723,1.706,1.702,1.691,1.668,1.650,1.637,1.625,1.612,1.601,1.588,1.575,1.567,1.566,1.559,1.548,1.543,1.536,1.528,1.526,1.521,1.516,1.513,1.517,1.521,1.514,1.506,1.508,1.512,1.507,1.502,1.504,1.503,1.498,1.495,1.499,1.498,1.486,1.481,1.481,1.478,1.475,1.473,1.478,1.484,1.482,1.480,1.483,1.486,1.480,1.474,1.481,1.490,1.495,1.495,1.496,1.498,1.500,1.506,1.509,1.507,1.510,1.508,1.506,1.508,1.511,1.511,1.516,1.523,1.527,1.523,1.515,1.515,1.523,1.531,1.529,1.523,1.527,1.528,1.525,1.527,1.532,1.533,1.533,1.532,1.531,1.523,1.520,1.531,1.536,1.527,1.518,1.525,1.534,1.530,1.524,1.521,1.521,1.522,1.521,1.520,1.515,1.511,1.514,1.518,1.514,1.502,1.501,1.508,1.504,1.499,1.502,1.502,1.496,1.491,1.487,1.485,1.487,1.482,1.478,1.480,1.485,1.484,1.475,1.471,1.474,1.473,1.469,1.470,1.467,1.455,1.458,1.466,1.458,1.449,1.452,1.457,1.451,1.445,1.446,1.445,1.444,1.440,1.439,1.437,1.434,1.431,1.425,1.420,1.425,1.428,1.421,1.415,1.411,1.410,1.408,1.403,1.404,1.404,1.398,1.395,1.394,1.397,1.397,1.395,1.389,1.378,1.377,1.376,1.371,1.374,1.377,1.371,1.361,1.358,1.361,1.355,1.351,1.352,1.349,1.346,1.343,1.341,1.338,1.337,1.334,1.332,1.334,1.327,1.315,1.312,1.312,1.310,1.305,1.300,1.298,1.298,1.300,1.295,1.286,1.282,1.282,1.277,1.272,1.267,1.263,1.259,1.260,1.262,1.260,1.255,1.249,1.245,1.243,1.241,1.237,1.234,1.231,1.229,1.229,1.229,1.224,1.216,1.210,1.207,1.205,1.202,1.204,1.206,1.204,1.200,1.195,1.192,1.189,1.187,1.185,1.184,1.184,1.184,1.185,1.186,1.185,1.182,1.181,1.183,1.183,1.183,1.185,1.187,1.186,1.184,1.183,1.183,1.187,1.192,1.192,1.186,1.178,1.174,1.177,1.182,1.184,1.184,1.184,1.181,1.176,1.174,1.177,1.180,1.181,1.180,1.179,1.183,1.187,1.192,1.198,1.201,1.199,1.192,1.189,1.192,1.189,1.179,1.175,1.178,1.184,1.185,1.179,1.175,1.177,1.180,1.181,1.179,1.175,1.171,1.172,1.174,1.172,1.173,1.175,1.167,1.161,1.163,1.165,1.167,1.170,1.168,1.165,1.161,1.158,1.159,1.165,1.168,1.162,1.154,1.153,1.153,1.154,1.154,1.147,1.147,1.153,1.152,1.146,1.145,1.146,1.145,1.140,1.136,1.139,1.142,1.142,1.140,1.135,1.130,1.131,1.130,1.124,1.122,1.124,1.123,1.123,1.121,1.119,1.120,1.119,1.114,1.110,1.117,1.125,1.121,1.115,1.114,1.112,1.113,1.112,1.104,1.101,1.104,1.101,1.098,1.095,1.093,1.097,1.101,1.099,1.095,1.093,1.095,1.098,1.091,1.084,1.092,1.089,1.079,1.081,1.086,1.086,1.084,1.076,1.072,1.085,1.096,1.089,1.076,1.072,1.073,1.074,1.078,1.081,1.086,1.085,1.075,1.066,1.059,1.051,1.050,1.062,1.069,1.056,1.049,1.061,1.071,1.064,1.055,1.056,1.054,1.048,1.051,1.048,1.041,1.044,1.046,1.050,1.054,1.048,1.047,1.047,1.038,1.033,1.033,1.035,1.030,1.026,1.035,1.043,1.047,1.047,1.047,1.049,1.043,1.029,1.027,1.032,1.029,1.015,1.003,1.020,1.040,1.039,1.036,1.031,1.024,1.022,1.023,1.015,1.009,1.023,1.044,1.040,1.017,1.004,1.006,1.012,1.025,1.038,1.026,1.007,1.010,1.014,0.993,0.979,0.993,1.017,1.032,1.032,1.045,1.045,1.019,0.997,0.986,0.989,1.018,1.021,0.987,0.991,1.000
4.1,0.9,2.9,1.664,1.796,1.882,1.972,1.959,1.965,2.055,2.149,2.283,2.382,2.442,2.465,2.505,2.645,2.782,2.855,2.897,2.985,3.058,3.036,3.050,3.140,3.218,3.233,3.249,3.291,3.320,3.341,3.360,3.384,3.439,3.469,3.432,3.404,3.409,3.420,3.444,3.467,3.464,3.453,3.463,3.456,3.441,3.442,3.441,3.444,3.447,3.436,3.418,3.403,3.396,3.394,3.394,3.402,3.396,3.381,3.370,3.352,3.340,3.342,3.340,3.332,3.319,3.303,3.286,3.258,3.235,3.219,3.204,3.193,3.175,3.151,3.129,3.114,3.100,3.079,3.049,3.018,3.000,2.987,2.971,2.956,2.935,2.914,2.898,2.879,2.859,2.844,2.834,2.818,2.801,2.786,2.768,2.753,2.751,2.744,2.731,2.720,2.711,2.702,2.693,2.677,2.662,2.660,2.654,2.637,2.616,2.595,2.584,2.576,2.561,2.548,2.543,2.535,2.518,2.510,2.508,2.497,2.483,2.473,2.466,2.458,2.447,2.437,2.431,2.425,2.416,2.406,2.397,2.391,2.390,2.387,2.375,2.363,2.354,2.348,2.343,2.337,2.330,2.321,2.318,2.319,2.312,2.301,2.285,2.273,2.273,2.269,2.256,2.252,2.248,2.235,2.225,2.217,2.211,2.206,2.196,2.187,2.180,2.174,2.174,2.170,2.156,2.142,2.140,2.140,2.131,2.122,2.111,2.099,2.096,2.091,2.077,2.066,2.061,2.059,2.051,2.041,2.030,2.022,2.020,2.011,1.998,1.994,1.990,1.980,1.976,1.974,1.968,1.963,1.952,1.945,1.940,1.932,1.925,1.918,1.912,1.905,1.894,1.882,1.877,1.874,1.866,1.860,1.852,1.842,1.837,1.835,1.831,1.820,1.810,1.805,1.795,1.791,1.791,1.781,1.772,1.769,1.766,1.758,1.748,1.745,1.739,1.728,1.722,1.719,1.718,1.712,1.700,1.694,1.686,1.675,1.672,1.673,1.674,1.669,1.659,1.650,1.646,1.643,1.635,1.628,1.622,1.618,1.617,1.611,1.602,1.595,1.589,1.584,1.576,1.570,1.568,1.562,1.558,1.556,1.550,1.542,1.535,1.533,1.528,1.516,1.508,1.504,1.498,1.492,1.488,1.485,1.482,1.478,1.473,1.469,1.462,1.455,1.453,1.449,1.442,1.435,1.429,1.423,1.418,1.414,1.409,1.401,1.398,1.395,1.388,1.382,1.380,1.378,1.375,1.373,1.370,1.362,1.354,1.351,1.347,1.341,1.336,1.332,1.331,1.329,1.321,1.318,1.317,1.313,1.309,1.304,1.300,1.298,1.295,1.293,1.291,1.291,1.292,1.289,1.287,1.285,1.285,1.285,1.282,1.277,1.277,1.280,1.279,1.274,1.270,1.270,1.270,1.267,1.263,1.261,1.262,1.262,1.259,1.257,1.255,1.253,1.252,1.252,1.252,1.249,1.248,1.250,1.252,1.249,1.249,1.255,1.256,1.252,1.247,1.246,1.246,1.241,1.235,1.233,1.233,1.233,1.233,1.229,1.225,1.224,1.222,1.221,1.220,1.218,1.216,1.216,1.215,1.211,1.209,1.211,1.213,1.211,1.205,1.200,1.202,1.204,1.205,1.204,1.200,1.194,1.193,1.196,1.194,1.191,1.188,1.187,1.188,1.185,1.181,1.176,1.170,1.170,1.174,1.176,1.172,1.170,1.168,1.164,1.162,1.161,1.161,1.161,1.160,1.159,1.156,1.151,1.145,1.142,1.141,1.142,1.142,1.140,1.139,1.137,1.136,1.134,1.133,1.137,1.138,1.130,1.116,1.113,1.124,1.126,1.117,1.116,1.118,1.115,1.109,1.105,1.108,1.109,1.104,1.101,1.103,1.102,1.099,1.097,1.097,1.092,1.083,1.083,1.090,1.094,1.094,1.094,1.092,1.088,1.087,1.088,1.087,1.088,1.089,1.082,1.070,1.066,1.070,1.072,1.075,1.075,1.073,1.071,1.067,1.066,1.062,1.056,1.051,1.050,1.050,1.046,1.049,1.060,1.067,1.065,1.059,1.053,1.047,1.044,1.050,1.056,1.053,1.040,1.032,1.036,1.037,1.034,1.036,1.033,1.028,1.028,1.034,1.042,1.026,1.011,1.018,1.022,1.025,1.026,1.015,1.003,1.007,1.017,1.015,1.009,1.009,1.007,1.007,1.012,1.000,0.991,0.999,1.006,1.012,1.015,1.006,0.991,0.992,1.006,1.005,0.994,0.993,0.992,0.987,0.985,0.997,1.003,1.001,0.996,0.981,0.975,0.983,0.992,0.984,0.974,0.984,0.992,0.990,0.981,0.967,0.962,0.965,0.968,0.986,0.996,0.984,0.993,1.000
2.9,0.3,1.6,1.355,1.446,1.528,1.565,1.570,1.607,1.710,1.747,1.720,1.748,1.759,1.735,1.762,1.823,1.881,1.940,1.967,1.977,2.014,2.040,2.060,2.096,2.122,2.125,2.119,2.134,2.142,2.134,2.144,2.169,2.200,2.202,2.195,2.189,2.159,2.150,2.170,2.186,2.191,2.195,2.195,2.175,2.166,2.172,2.174,2.173,2.172,2.173,2.167,2.153,2.155,2.169,2.171,2.164,2.156,2.157,2.167,2.171,2.164,2.154,2.145,2.138,2.134,2.138,2.132,2.111,2.103,2.102,2.089,2.075,2.068,2.058,2.046,2.034,2.020,2.004,1.988,1.972,1.961,1.951,1.940,1.930,1.924,1.914,1.901,1.896,1.889,1.877,1.870,1.864,1.860,1.854,1.841,1.831,1.832,1.834,1.836,1.833,1.820,1.813,1.813,1.809,1.804,1.805,1.804,1.793,1.783,1.784,1.785,1.777,1.770,1.765,1.758,1.753,1.750,1.749,1.748,1.743,1.744,1.744,1.745,1.743,1.735,1.731,1.732,1.735,1.741,1.738,1.726,1.723,1.732,1.734,1.725,1.716,1.722,1.732,1.729,1.723,1.720,1.717,1.718,1.721,1.721,1.714,1.709,1.710,1.710,1.709,1.709,1.708,1.704,1.706,1.704,1.695,1.688,1.685,1.684,1.685,1.689,1.689,1.686,1.683,1.677,1.669,1.666,1.667,1.664,1.661,1.661,1.659,1.653,1.644,1.638,1.635,1.638,1.639,1.635,1.632,1.628,1.627,1.629,1.622,1.611,1.605,1.603,1.598,1.594,1.600,1.600,1.594,1.591,1.582,1.569,1.572,1.579,1.573,1.563,1.563,1.564,1.556,1.550,1.554,1.555,1.551,1.547,1.538,1.531,1.533,1.534,1.530,1.527,1.525,1.520,1.516,1.510,1.506,1.507,1.504,1.501,1.499,1.498,1.496,1.489,1.481,1.476,1.473,1.475,1.476,1.471,1.467,1.465,1.456,1.449,1.447,1.447,1.445,1.441,1.437,1.436,1.441,1.440,1.429,1.424,1.426,1.425,1.416,1.405,1.403,1.401,1.396,1.395,1.396,1.393,1.389,1.387,1.383,1.379,1.374,1.372,1.372,1.369,1.360,1.354,1.351,1.347,1.342,1.339,1.341,1.341,1.335,1.330,1.328,1.326,1.320,1.315,1.312,1.307,1.303,1.299,1.295,1.294,1.295,1.292,1.285,1.281,1.283,1.282,1.276,1.271,1.268,1.262,1.259,1.258,1.254,1.252,1.250,1.248,1.244,1.242,1.240,1.233,1.228,1.229,1.231,1.228,1.222,1.220,1.221,1.220,1.219,1.216,1.216,1.215,1.212,1.213,1.213,1.212,1.213,1.210,1.208,1.210,1.213,1.212,1.210,1.208,1.209,1.211,1.208,1.203,1.201,1.201,1.201,1.201,1.201,1.197,1.196,1.201,1.199,1.195,1.197,1.199,1.197,1.196,1.197,1.198,1.198,1.200,1.206,1.209,1.204,1.197,1.196,1.199,1.194,1.188,1.189,1.192,1.194,1.194,1.192,1.187,1.187,1.186,1.185,1.187,1.188,1.184,1.180,1.183,1.184,1.185,1.181,1.175,1.175,1.177,1.177,1.179,1.183,1.180,1.176,1.177,1.176,1.175,1.174,1.171,1.171,1.169,1.166,1.167,1.166,1.163,1.162,1.158,1.156,1.159,1.158,1.154,1.156,1.158,1.155,1.151,1.151,1.155,1.154,1.148,1.139,1.134,1.139,1.140,1.138,1.139,1.139,1.137,1.136,1.134,1.134,1.133,1.128,1.126,1.132,1.135,1.127,1.120,1.119,1.122,1.123,1.117,1.113,1.116,1.120,1.120,1.112,1.108,1.108,1.103,1.105,1.113,1.114,1.111,1.111,1.112,1.108,1.099,1.097,1.102,1.105,1.104,1.098,1.092,1.093,1.096,1.093,1.089,1.092,1.097,1.096,1.088,1.083,1.084,1.086,1.089,1.088,1.087,1.087,1.080,1.075,1.078,1.073,1.072,1.085,1.089,1.082,1.077,1.074,1.072,1.071,1.071,1.075,1.071,1.064,1.068,1.071,1.068,1.052,1.037,1.046,1.056,1.048,1.050,1.058,1.055,1.047,1.040,1.043,1.043,1.036,1.035,1.040,1.050,1.051,1.049,1.052,1.050,1.040,1.036,1.038,1.035,1.028,1.025,1.031,1.037,1.041,1.043,1.047,1.048,1.036,1.022,1.013,1.016,1.034,1.043,1.035,1.027,1.022,1.020,1.021,1.028,1.026,1.011,1.001,1.003,1.011,1.015,1.031,1.042,1.031,1.032,1.040,1.042,1.031,0.999,0.981,0.982,0.985,0.992,0.997,0.995,0.999,1.000
7.8,0.8,6.6,1.478,1.548,1.554,1.567,1.604,1.597,1.649,1.751,1.824,1.942,2.081,2.018,1.953,2.091,2.202,2.201,2.233,2.308,2.351,2.331,2.350,2.390,2.424,2.469,2.483,2.501,2.519,2.535,2.561,2.589,2.624,2.602,2.570,2.588,2.591,2.582,2.605,2.635,2.629,2.619,2.624,2.632,2.638,2.628,2.619,2.618,2.605,2.600,2.604,2.594,2.584,2.588,2.594,2.588,2.581,2.584,2.587,2.577,2.562,2.556,2.555,2.545,2.537,2.539,2.530,2.511,2.497,2.491,2.493,2.486,2.473,2.463,2.443,2.423,2.416,2.409,2.399,2.383,2.368,2.359,2.349,2.338,2.330,2.318,2.307,2.296,2.282,2.273,2.268,2.260,2.248,2.237,2.230,2.223,2.215,2.209,2.203,2.193,2.183,2.177,2.173,2.164,2.150,2.144,2.146,2.140,2.124,2.114,2.116,2.112,2.098,2.082,2.075,2.075,2.069,2.061,2.050,2.038,2.035,2.032,2.022,2.012,2.010,2.012,2.006,1.999,1.992,1.981,1.974,1.972,1.972,1.972,1.964,1.953,1.945,1.941,1.941,1.936,1.925,1.919,1.913,1.906,1.905,1.907,1.903,1.893,1.886,1.879,1.873,1.871,1.865,1.858,1.851,1.841,1.838,1.837,1.826,1.820,1.820,1.818,1.815,1.814,1.803,1.791,1.787,1.787,1.785,1.779,1.773,1.766,1.763,1.763,1.759,1.751,1.744,1.742,1.736,1.728,1.720,1.714,1.713,1.711,1.706,1.699,1.692,1.687,1.682,1.680,1.678,1.676,1.671,1.661,1.653,1.652,1.653,1.646,1.640,1.634,1.625,1.618,1.614,1.613,1.610,1.606,1.605,1.598,1.589,1.587,1.587,1.584,1.580,1.576,1.569,1.564,1.562,1.557,1.551,1.545,1.540,1.535,1.529,1.527,1.528,1.527,1.524,1.518,1.515,1.513,1.508,1.500,1.493,1.487,1.486,1.486,1.483,1.478,1.475,1.472,1.466,1.462,1.459,1.455,1.450,1.447,1.445,1.443,1.439,1.433,1.428,1.426,1.422,1.417,1.415,1.413,1.410,1.408,1.404,1.401,1.396,1.393,1.390,1.384,1.380,1.380,1.377,1.370,1.366,1.364,1.361,1.359,1.357,1.351,1.345,1.340,1.339,1.337,1.332,1.329,1.329,1.326,1.322,1.318,1.316,1.313,1.311,1.308,1.303,1.299,1.297,1.294,1.292,1.291,1.287,1.282,1.279,1.275,1.272,1.271,1.267,1.264,1.264,1.264,1.262,1.258,1.254,1.251,1.249,1.245,1.242,1.241,1.239,1.237,1.236,1.235,1.234,1.231,1.229,1.229,1.228,1.226,1.225,1.223,1.222,1.223,1.221,1.220,1.220,1.219,1.216,1.213,1.210,1.209,1.208,1.207,1.206,1.206,1.205,1.203,1.200,1.200,1.202,1.201,1.199,1.198,1.198,1.197,1.196,1.197,1.197,1.198,1.196,1.191,1.187,1.187,1.186,1.184,1.185,1.185,1.182,1.177,1.175,1.176,1.177,1.176,1.174,1.173,1.172,1.171,1.169,1.168,1.168,1.168,1.167,1.164,1.161,1.161,1.162,1.161,1.159,1.160,1.159,1.157,1.154,1.153,1.153,1.152,1.148,1.148,1.149,1.146,1.143,1.140,1.138,1.140,1.141,1.137,1.134,1.133,1.132,1.130,1.130,1.128,1.127,1.128,1.131,1.129,1.122,1.118,1.118,1.118,1.119,1.117,1.115,1.113,1.111,1.109,1.109,1.108,1.109,1.110,1.111,1.109,1.105,1.104,1.105,1.102,1.099,1.099,1.099,1.098,1.097,1.093,1.090,1.090,1.088,1.088,1.087,1.086,1.085,1.082,1.081,1.086,1.084,1.082,1.082,1.079,1.079,1.079,1.077,1.072,1.068,1.070,1.071,1.068,1.068,1.068,1.066,1.066,1.069,1.072,1.070,1.068,1.066,1.063,1.060,1.058,1.055,1.053,1.053,1.052,1.056,1.061,1.056,1.055,1.059,1.059,1.054,1.053,1.052,1.047,1.048,1.050,1.048,1.041,1.034,1.039,1.045,1.041,1.037,1.039,1.038,1.034,1.034,1.040,1.037,1.031,1.029,1.028,1.029,1.032,1.027,1.022,1.027,1.023,1.018,1.020,1.020,1.024,1.024,1.019,1.024,1.027,1.026,1.024,1.025,1.023,1.014,1.008,1.009,1.019,1.029,1.024,1.009,1.005,1.012,1.010,1.004,1.008,1.011,1.007,1.008,1.007,1.005,1.010,1.016,1.010,1.010,1.018,1.020,1.009,0.996,0.996,0.991,0.985,0.995,1.003,0.998,0.998,1.000
0.4,0.5,9.1,0.974,1.112,1.140,1.145,1.193,1.196,1.252,1.328,1.324,1.376,1.484,1.486,1.450,1.469,1.504,1.568,1.576,1.557,1.559,1.523,1.490,1.520,1.607,1.637,1.620,1.641,1.659,1.623,1.596,1.637,1.691,1.686,1.660,1.648,1.651,1.668,1.674,1.663,1.656,1.659,1.662,1.666,1.649,1.626,1.620,1.619,1.619,1.633,1.634,1.611,1.618,1.650,1.656,1.640,1.635,1.637,1.636,1.629,1.611,1.597,1.602,1.609,1.607,1.608,1.595,1.560,1.542,1.546,1.537,1.526,1.521,1.498,1.465,1.436,1.418,1.404,1.381,1.355,1.337,1.318,1.298,1.282,1.267,1.252,1.235,1.222,1.214,1.203,1.191,1.181,1.174,1.167,1.159,1.154,1.149,1.149,1.156,1.155,1.145,1.147,1.153,1.141,1.127,1.133,1.138,1.133,1.130,1.126,1.122,1.122,1.117,1.099,1.088,1.092,1.102,1.106,1.097,1.092,1.098,1.100,1.105,1.106,1.105,1.111,1.112,1.118,1.126,1.128,1.135,1.140,1.148,1.155,1.150,1.150,1.159,1.173,1.179,1.169,1.160,1.164,1.176,1.192,1.196,1.196,1.203,1.204,1.205,1.208,1.207,1.211,1.220,1.224,1.222,1.231,1.234,1.214,1.209,1.229,1.236,1.227,1.226,1.230,1.228,1.228,1.233,1.236,1.234,1.230,1.235,1.235,1.235,1.242,1.236,1.223,1.221,1.226,1.230,1.229,1.218,1.218,1.229,1.222,1.211,1.216,1.223,1.217,1.212,1.214,1.211,1.211,1.205,1.199,1.204,1.210,1.210,1.208,1.207,1.206,1.195,1.187,1.200,1.210,1.201,1.208,1.214,1.192,1.182,1.184,1.181,1.183,1.191,1.192,1.179,1.177,1.190,1.182,1.170,1.174,1.172,1.167,1.168,1.170,1.175,1.178,1.176,1.172,1.171,1.166,1.162,1.172,1.169,1.152,1.153,1.161,1.168,1.167,1.159,1.152,1.149,1.151,1.152,1.148,1.148,1.153,1.153,1.142,1.134,1.135,1.137,1.134,1.126,1.125,1.129,1.131,1.131,1.126,1.123,1.122,1.117,1.116,1.112,1.107,1.105,1.103,1.098,1.096,1.099,1.102,1.104,1.101,1.095,1.091,1.087,1.090,1.094,1.092,1.087,1.082,1.080,1.075,1.065,1.062,1.060,1.053,1.048,1.050,1.050,1.049,1.052,1.053,1.047,1.050,1.057,1.052,1.043,1.039,1.036,1.035,1.031,1.027,1.031,1.037,1.038,1.034,1.026,1.021,1.023,1.026,1.023,1.024,1.027,1.028,1.032,1.033,1.034,1.036,1.036,1.037,1.036,1.039,1.048,1.052,1.047,1.045,1.047,1.052,1.058,1.059,1.056,1.049,1.044,1.045,1.048,1.052,1.055,1.061,1.067,1.073,1.078,1.080,1.079,1.073,1.072,1.080,1.084,1.075,1.073,1.086,1.092,1.093,1.090,1.089,1.097,1.091,1.079,1.080,1.087,1.089,1.092,1.094,1.088,1.086,1.089,1.094,1.096,1.091,1.081,1.079,1.089,1.098,1.100,1.096,1.090,1.087,1.084,1.084,1.093,1.104,1.111,1.109,1.099,1.092,1.096,1.111,1.115,1.104,1.096,1.103,1.106,1.105,1.103,1.088,1.087,1.096,1.097,1.098,1.088,1.083,1.094,1.097,1.088,1.088,1.093,1.093,1.101,1.105,1.094,1.090,1.091,1.078,1.077,1.088,1.088,1.085,1.088,1.087,1.087,1.091,1.095,1.101,1.105,1.099,1.082,1.074,1.090,1.098,1.083,1.078,1.081,1.078,1.075,1.071,1.073,1.079,1.082,1.084,1.086,1.091,1.088,1.087,1.089,1.077,1.061,1.063,1.089,1.106,1.098,1.087,1.080,1.077,1.075,1.076,1.075,1.073,1.079,1.079,1.069,1.053,1.055,1.086,1.111,1.108,1.090,1.073,1.064,1.072,1.085,1.070,1.046,1.058,1.080,1.071,1.050,1.046,1.063,1.073,1.071,1.079,1.074,1.058,1.072,1.084,1.075,1.064,1.049,1.052,1.048,1.027,1.033,1.042,1.043,1.036,1.022,1.035,1.038,1.038,1.046,1.049,1.068,1.080,1.081,1.084,1.076,1.062,1.052,1.050,1.050,1.046,1.040,1.044,1.043,1.040,1.044,1.042,1.030,1.028,1.044,1.035,1.016,1.030,1.042,1.030,1.041,1.065,1.074,1.082,1.080,1.041,1.005,1.009,1.031,1.049,1.042,1.038,1.045,1.039,1.040,1.054,1.062,1.067,1.044,1.006,0.984,0.991,1.047,1.064,1.023,1.013,1.000